id,level,level_name.local,level_name.en,name.local,name.en,name.slug,code.id,code.iso,parent.id,parent.name.local,parent.name.en,children_count.region,children_count.cercle,children_count.arrondissement,children_count.commune,zip_codes,geo.lat,geo.lon
ML-A010101,3,Arrondissement,Arrondissement,Kayes,Kayes,kayes-010101,ML-A010101,,ML0101,Kayes,Kayes,,,,7,,14.448,-11.444
ML-A010102,3,Arrondissement,Arrondissement,Diandioumbéra,Diandioumbéra,diandioumbra-010102,ML-A010102,,ML0101,Kayes,Kayes,,,,1,,14.448,-11.444
ML-A010103,3,Arrondissement,Arrondissement,Lontou,Lontou,lontou-010103,ML-A010103,,ML0101,Kayes,Kayes,,,,1,,14.448,-11.444
ML-A010104,3,Arrondissement,Arrondissement,Samé,Samé,sam-010104,ML-A010104,,ML0101,Kayes,Kayes,,,,2,,14.448,-11.444
ML-A010201,3,Arrondissement,Arrondissement,Bafoulabé,Bafoulabé,bafoulab-010201,ML-A010201,,ML0102,Bafoulabé,Bafoulebe,,,,1,,13.808,-10.833
ML-A010202,3,Arrondissement,Arrondissement,Bamafélé,Bamafélé,bamafl-010202,ML-A010202,,ML0102,Bafoulabé,Bafoulebe,,,,2,,13.808,-10.833
ML-A010203,3,Arrondissement,Arrondissement,Koundian,Koundian,koundian-010203,ML-A010203,,ML0102,Bafoulabé,Bafoulebe,,,,1,,13.808,-10.833
ML-A010204,3,Arrondissement,Arrondissement,Mahina,Mahina,mahina-010204,ML-A010204,,ML0102,Bafoulabé,Bafoulebe,,,,3,,13.808,-10.833
ML-A010205,3,Arrondissement,Arrondissement,Oualia,Oualia,oualia-010205,ML-A010205,,ML0102,Bafoulabé,Bafoulebe,,,,1,,13.808,-10.833
ML-A010301,3,Arrondissement,Arrondissement,Yélimané,Yélimané,yliman-010301,ML-A010301,,ML0103,Yélimané,Yelimane,,,,5,,15.119,-10.577
ML-A010302,3,Arrondissement,Arrondissement,Kirané,Kirané,kiran-010302,ML-A010302,,ML0103,Yélimané,Yelimane,,,,2,,15.119,-10.577
ML-A010303,3,Arrondissement,Arrondissement,Tambacara,Tambacara,tambacara-010303,ML-A010303,,ML0103,Yélimané,Yelimane,,,,4,,15.119,-10.577
ML-A010401,3,Arrondissement,Arrondissement,Kéniéba,Kéniéba,kniba-010401,ML-A010401,,ML0104,Kéniéba,Kenieba,,,,4,,12.044,-8.635
ML-A010402,3,Arrondissement,Arrondissement,Dombia,Dombia,dombia-010402,ML-A010402,,ML0104,Kéniéba,Kenieba,,,,2,,12.044,-8.635
ML-A010403,3,Arrondissement,Arrondissement,Faléa,Faléa,fala-010403,ML-A010403,,ML0104,Kéniéba,Kenieba,,,,1,,12.044,-8.635
ML-A010404,3,Arrondissement,Arrondissement,Faraba,Faraba,faraba-010404,ML-A010404,,ML0104,Kéniéba,Kenieba,,,,3,,12.044,-8.635
ML-A010405,3,Arrondissement,Arrondissement,Kassama,Kassama,kassama-010405,ML-A010405,,ML0104,Kéniéba,Kenieba,,,,1,,12.044,-8.635
ML-A010501,3,Arrondissement,Arrondissement,Ambidédi,Ambidédi,ambiddi-010501,ML-A010501,,ML0105,Ambidédi,Ambididi,,,,4,,14.586,-11.791
ML-A010502,3,Arrondissement,Arrondissement,Diboli,Diboli,diboli-010502,ML-A010502,,ML0105,Ambidédi,Ambididi,,,,2,,14.586,-11.791
ML-A010601,3,Arrondissement,Arrondissement,Aourou,Aourou,aourou-010601,ML-A010601,,ML0106,Aourou,Aourou,,,,2,,14.968,-11.587
ML-A010602,3,Arrondissement,Arrondissement,Koussané,Koussané,koussan-010602,ML-A010602,,ML0106,Aourou,Aourou,,,,1,,14.968,-11.587
ML-A010603,3,Arrondissement,Arrondissement,Téchibé,Téchibé,tchib-010603,ML-A010603,,ML0106,Aourou,Aourou,,,,1,,14.968,-11.587
ML-A010701,3,Arrondissement,Arrondissement,Diamou,Diamou,diamou-010701,ML-A010701,,ML0107,Diamou,Diamou,,,,1,,12.079,-7.236
ML-A010702,3,Arrondissement,Arrondissement,Logo Sabouciré,Logo Sabouciré,logo-saboucir-010702,ML-A010702,,ML0107,Diamou,Diamou,,,,1,,12.079,-7.236
ML-A010801,3,Arrondissement,Arrondissement,Oussoubidiagna,Oussoubidiagna,oussoubidiagna-010801,ML-A010801,,ML0108,Oussoubidiagna,Oussoubidiagna,,,,1,,14.245,-10.462
ML-A010802,3,Arrondissement,Arrondissement,Diakon,Diakon,diakon-010802,ML-A010802,,ML0108,Oussoubidiagna,Oussoubidiagna,,,,1,,14.245,-10.462
ML-A010803,3,Arrondissement,Arrondissement,Diallan,Diallan,diallan-010803,ML-A010803,,ML0108,Oussoubidiagna,Oussoubidiagna,,,,1,,14.245,-10.462
ML-A010804,3,Arrondissement,Arrondissement,Goundara,Goundara,goundara-010804,ML-A010804,,ML0108,Oussoubidiagna,Oussoubidiagna,,,,1,,14.245,-10.462
ML-A010805,3,Arrondissement,Arrondissement,Tigana,Tigana,tigana-010805,ML-A010805,,ML0108,Oussoubidiagna,Oussoubidiagna,,,,1,,14.245,-10.462
ML-A010901,3,Arrondissement,Arrondissement,Ségala,Ségala,sgala-010901,ML-A010901,,ML0109,Ségala,Segala,,,,4,,12.529,-5.732
ML-A010902,3,Arrondissement,Arrondissement,Maréna,Maréna,marna-010902,ML-A010902,,ML0109,Ségala,Segala,,,,1,,12.529,-5.732
ML-A011001,3,Arrondissement,Arrondissement,Sadiola,Sadiola,sadiola-011001,ML-A011001,,ML0110,Sadiola,Sadiola,,,,1,,13.891,-11.706
ML-A011002,3,Arrondissement,Arrondissement,Dialafara,Dialafara,dialafara-011002,ML-A011002,,ML0110,Sadiola,Sadiola,,,,1,,13.891,-11.706
ML-A020101,3,Arrondissement,Arrondissement,Koulikoro,Koulikoro,koulikoro-020101,ML-A020101,,ML0201,Koulikoro,Koulikoro,,,,2,,12.863,-7.56
ML-A020102,3,Arrondissement,Arrondissement,Kénenkoun,Kénenkoun,knenkoun-020102,ML-A020102,,ML0201,Koulikoro,Koulikoro,,,,1,,12.863,-7.56
ML-A020103,3,Arrondissement,Arrondissement,Koula,Koula,koula-020103,ML-A020103,,ML0201,Koulikoro,Koulikoro,,,,2,,12.863,-7.56
ML-A020104,3,Arrondissement,Arrondissement,Sirakorola,Sirakorola,sirakorola-020104,ML-A020104,,ML0201,Koulikoro,Koulikoro,,,,1,,12.863,-7.56
ML-A020105,3,Arrondissement,Arrondissement,Tienfala,Tienfala,tienfala-020105,ML-A020105,,ML0201,Koulikoro,Koulikoro,,,,1,,12.863,-7.56
ML-A020201,3,Arrondissement,Arrondissement,Banamba,Banamba,banamba-020201,ML-A020201,,ML0202,Banamba,Banamba,,,,3,,13.548,-7.448
ML-A020202,3,Arrondissement,Arrondissement,Boron,Boron,boron-020202,ML-A020202,,ML0202,Banamba,Banamba,,,,1,,13.548,-7.448
ML-A020203,3,Arrondissement,Arrondissement,Madina-Sacko,Madina-Sacko,madina-sacko-020203,ML-A020203,,ML0202,Banamba,Banamba,,,,1,,13.548,-7.448
ML-A020204,3,Arrondissement,Arrondissement,Sébété,Sébété,sbt-020204,ML-A020204,,ML0202,Banamba,Banamba,,,,2,,13.548,-7.448
ML-A020205,3,Arrondissement,Arrondissement,Touba,Touba,touba-020205,ML-A020205,,ML0202,Banamba,Banamba,,,,1,,13.548,-7.448
ML-A020206,3,Arrondissement,Arrondissement,Toukoroba,Toukoroba,toukoroba-020206,ML-A020206,,ML0202,Banamba,Banamba,,,,1,,13.548,-7.448
ML-A020301,3,Arrondissement,Arrondissement,Kangaba,Kangaba,kangaba-020301,ML-A020301,,ML0203,Kangaba,Kangaba,,,,4,,11.933,-8.417
ML-A020302,3,Arrondissement,Arrondissement,Naréna,Naréna,narna-020302,ML-A020302,,ML0203,Kangaba,Kangaba,,,,4,,11.933,-8.417
ML-A020401,3,Arrondissement,Arrondissement,Kati,Kati,kati-020401,ML-A020401,,ML0204,Kati,Kati,,,,9,,16.113,-3.733
ML-A020402,3,Arrondissement,Arrondissement,Sanankoroba,Sanankoroba,sanankoroba-020402,ML-A020402,,ML0204,Kati,Kati,,,,3,,16.113,-3.733
ML-A020403,3,Arrondissement,Arrondissement,Baguinéda,Baguinéda,baguinda-020403,ML-A020403,,ML0204,Kati,Kati,,,,4,,16.113,-3.733
ML-A020404,3,Arrondissement,Arrondissement,Djoliba,Djoliba,djoliba-020404,ML-A020404,,ML0204,Kati,Kati,,,,1,,16.113,-3.733
ML-A020501,3,Arrondissement,Arrondissement,Kolokani,Kolokani,kolokani-020501,ML-A020501,,ML0205,Kolokani,Kolokani,,,,4,,13.573,-8.034
ML-A020502,3,Arrondissement,Arrondissement,Didiéni,Didiéni,didini-020502,ML-A020502,,ML0205,Kolokani,Kolokani,,,,2,,13.573,-8.034
ML-A020503,3,Arrondissement,Arrondissement,Nossombougou,Nossombougou,nossombougou-020503,ML-A020503,,ML0205,Kolokani,Kolokani,,,,3,,13.573,-8.034
ML-A020504,3,Arrondissement,Arrondissement,Massantola,Massantola,massantola-020504,ML-A020504,,ML0205,Kolokani,Kolokani,,,,1,,13.573,-8.034
ML-A020601,3,Arrondissement,Arrondissement,Nyamina,Nyamina,nyamina-020601,ML-A020601,,ML0206,Nyamina,Nyamina,,,,1,,13.319,-6.982
ML-A020602,3,Arrondissement,Arrondissement,Tougouni,Tougouni,tougouni-020602,ML-A020602,,ML0206,Nyamina,Nyamina,,,,1,,13.319,-6.982
ML-A020701,3,Arrondissement,Arrondissement,Siby,Siby,siby-020701,ML-A020701,,ML0207,Siby,Siby,,,,3,,12.375,-8.337
ML-A020702,3,Arrondissement,Arrondissement,Bancoumana,Bancoumana,bancoumana-020702,ML-A020702,,ML0207,Siby,Siby,,,,1,,12.375,-8.337
ML-A020703,3,Arrondissement,Arrondissement,Sobra,Sobra,sobra-020703,ML-A020703,,ML0207,Siby,Siby,,,,1,,12.375,-8.337
ML-A020801,3,Arrondissement,Arrondissement,Néguéla,Néguéla,ngula-020801,ML-A020801,,,,,,,,2,,12.478,-5.645
ML-A020802,3,Arrondissement,Arrondissement,Daban,Daban,daban-020802,ML-A020802,,,,,,,,1,,13.22,-8.314
ML-A020803,3,Arrondissement,Arrondissement,Faladié,Faladié,faladi-020803,ML-A020803,,,,,,,,1,,13.133,-8.345
ML-A030101,3,Arrondissement,Arrondissement,Sikasso,Sikasso,sikasso-030101,ML-A030101,,ML0301,Sikasso,Sikasso,,,,12,,11.318,-5.667
ML-A030102,3,Arrondissement,Arrondissement,N'Kourala,N'Kourala,nkourala-030102,ML-A030102,,ML0301,Sikasso,Sikasso,,,,4,,11.318,-5.667
ML-A030201,3,Arrondissement,Arrondissement,Kadiolo,Kadiolo,kadiolo-030201,ML-A030201,,ML0302,Kadiolo,Kadiolo,,,,3,,10.55,-5.767
ML-A030202,3,Arrondissement,Arrondissement,Fourou,Fourou,fourou-030202,ML-A030202,,ML0302,Kadiolo,Kadiolo,,,,1,,10.55,-5.767
ML-A030203,3,Arrondissement,Arrondissement,Misséni,Misséni,missni-030203,ML-A030203,,ML0302,Kadiolo,Kadiolo,,,,1,,10.55,-5.767
ML-A030204,3,Arrondissement,Arrondissement,Zégoua,Zégoua,zgoua-030204,ML-A030204,,ML0302,Kadiolo,Kadiolo,,,,1,,10.55,-5.767
ML-A030301,3,Arrondissement,Arrondissement,Dandérésso,Dandérésso,dandrsso-030301,ML-A030301,,,,,,,,1,,11.486,-5.482
ML-A030302,3,Arrondissement,Arrondissement,Nongo-Souala,Nongo-Souala,nongo-souala-030302,ML-A030302,,,,,,,,1,,11.762,-5.563
ML-A030401,3,Arrondissement,Arrondissement,Kignan,Kignan,kignan-030401,ML-A030401,,ML0304,Kignan,Kignan,,,,6,,11.852,-6.014
ML-A030402,3,Arrondissement,Arrondissement,Dogoni,Dogoni,dogoni-030402,ML-A030402,,ML0304,Kignan,Kignan,,,,2,,11.852,-6.014
ML-A030403,3,Arrondissement,Arrondissement,Doumanaba,Doumanaba,doumanaba-030403,ML-A030403,,ML0304,Kignan,Kignan,,,,1,,11.852,-6.014
ML-A030501,3,Arrondissement,Arrondissement,Kléla,Kléla,klla-030501,ML-A030501,,,,,,,,2,,12.176,-5.863
ML-A030502,3,Arrondissement,Arrondissement,Fama,Fama,fama-030502,ML-A030502,,,,,,,,1,,11.524,-5.693
ML-A030503,3,Arrondissement,Arrondissement,Kouoro,Kouoro,kouoro-030503,ML-A030503,,,,,,,,1,,12.015,-5.708
ML-A030601,3,Arrondissement,Arrondissement,Lobougoula,Lobougoula,lobougoula-030601,ML-A030601,,ML0306,Lobougoula,Lobougoula,,,,1,,11.044,-5.981
ML-A030602,3,Arrondissement,Arrondissement,Kolokoba,Kolokoba,kolokoba-030602,ML-A030602,,ML0306,Lobougoula,Lobougoula,,,,1,,11.044,-5.981
ML-A030701,3,Arrondissement,Arrondissement,Loulouni,Loulouni,loulouni-030701,ML-A030701,,ML0307,Loulouni,Loulouni,,,,2,,10.9,-5.6
ML-A030702,3,Arrondissement,Arrondissement,Kaï,Kaï,ka-030702,ML-A030702,,ML0307,Loulouni,Loulouni,,,,1,,10.9,-5.6
ML-A030801,3,Arrondissement,Arrondissement,Niéna,Niéna,nina-030801,ML-A030801,,,,,,,,5,,13.632,-4.996
ML-A030802,3,Arrondissement,Arrondissement,Blendio,Blendio,blendio-030802,ML-A030802,,,,,,,,5,,11.614,-6.343
ML-A030803,3,Arrondissement,Arrondissement,Finkolo Ganadougou,Finkolo Ganadougou,finkolo-ganadougou-030803,ML-A030803,,,,,,,,1,,11.228,-6.2
ML-A040101,3,Arrondissement,Arrondissement,Ségou,Ségou,sgou-040101,ML-A040101,,,,,,,,8,,13.44,-6.259
ML-A040102,3,Arrondissement,Arrondissement,Cinzana,Cinzana,cinzana-040102,ML-A040102,,,,,,,,2,,13.25,-5.967
ML-A040103,3,Arrondissement,Arrondissement,Katiéna,Katiéna,katina-040103,ML-A040103,,,,,,,,3,,13.323,-5.642
ML-A040201,3,Arrondissement,Arrondissement,Bla,Bla,bla-040201,ML-A040201,,ML0402,Bla,Bla,,,,5,,12.95,-5.76
ML-A040202,3,Arrondissement,Arrondissement,Falo,Falo,falo-040202,ML-A040202,,ML0402,Bla,Bla,,,,1,,12.95,-5.76
ML-A040203,3,Arrondissement,Arrondissement,Touna,Touna,touna-040203,ML-A040203,,ML0402,Bla,Bla,,,,2,,12.95,-5.76
ML-A040204,3,Arrondissement,Arrondissement,Somasso,Somasso,somasso-040204,ML-A040204,,ML0402,Bla,Bla,,,,2,,12.95,-5.76
ML-A040205,3,Arrondissement,Arrondissement,Dougouolo,Dougouolo,dougouolo-040205,ML-A040205,,ML0402,Bla,Bla,,,,1,,12.95,-5.76
ML-A040301,3,Arrondissement,Arrondissement,Barouéli,Barouéli,barouli-040301,ML-A040301,,,,,,,,2,,13.077,-6.831
ML-A040302,3,Arrondissement,Arrondissement,Konobougou,Konobougou,konobougou-040302,ML-A040302,,,,,,,,1,,12.92,-6.757
ML-A040303,3,Arrondissement,Arrondissement,Sanando,Sanando,sanando-040303,ML-A040303,,,,,,,,5,,13.334,-8.241
ML-A040304,3,Arrondissement,Arrondissement,Tamani,Tamani,tamani-040304,ML-A040304,,,,,,,,4,,13.336,-6.835
ML-A040401,3,Arrondissement,Arrondissement,Niono,Niono,niono-040401,ML-A040401,,ML0404,Niono,Niono,,,,7,,14.251,-5.987
ML-A040402,3,Arrondissement,Arrondissement,Pogo,Pogo,pogo-040402,ML-A040402,,ML0404,Niono,Niono,,,,1,,14.251,-5.987
ML-A040501,3,Arrondissement,Arrondissement,Macina,Macina,macina-040501,ML-A040501,,ML0405,Macina,Macina,,,,1,,14.308,-11.506
ML-A040502,3,Arrondissement,Arrondissement,Kolongotomo,Kolongotomo,kolongotomo-040502,ML-A040502,,ML0405,Macina,Macina,,,,3,,14.308,-11.506
ML-A040503,3,Arrondissement,Arrondissement,Monimpébougou,Monimpébougou,monimpbougou-040503,ML-A040503,,ML0405,Macina,Macina,,,,1,,14.308,-11.506
ML-A040504,3,Arrondissement,Arrondissement,Saye,Saye,saye-040504,ML-A040504,,ML0405,Macina,Macina,,,,2,,14.308,-11.506
ML-A040601,3,Arrondissement,Arrondissement,Dioro,Dioro,dioro-040601,ML-A040601,,ML0406,Dioro,Dioro,,,,2,,13.689,-5.831
ML-A040602,3,Arrondissement,Arrondissement,Diédougou,Diédougou,didougou-040602,ML-A040602,,ML0406,Dioro,Dioro,,,,1,,13.689,-5.831
ML-A040603,3,Arrondissement,Arrondissement,Farakou Massa,Farakou Massa,farakou-massa-040603,ML-A040603,,ML0406,Dioro,Dioro,,,,1,,13.689,-5.831
ML-A040701,3,Arrondissement,Arrondissement,Farako,Farako,farako-040701,ML-A040701,,ML0407,Farako,Farako,,,,4,,14.943,-6.791
ML-A040702,3,Arrondissement,Arrondissement,Doura,Doura,doura-040702,ML-A040702,,ML0407,Farako,Farako,,,,3,,14.943,-6.791
ML-A040801,3,Arrondissement,Arrondissement,Nampala,Nampala,nampala-040801,ML-A040801,,ML0408,Nampala,Nampala,,,,1,,15.281,-5.555
ML-A040802,3,Arrondissement,Arrondissement,Dioura,Dioura,dioura-040802,ML-A040802,,ML0408,Nampala,Nampala,,,,1,,15.281,-5.555
ML-A040803,3,Arrondissement,Arrondissement,Beïty Bimiya,Beïty Bimiya,bety-bimiya-040803,ML-A040803,,ML0408,Nampala,Nampala,,,,1,,15.281,-5.555
ML-A040804,3,Arrondissement,Arrondissement,Diguiciré,Diguiciré,diguicir-040804,ML-A040804,,ML0408,Nampala,Nampala,,,,1,,15.281,-5.555
ML-A040901,3,Arrondissement,Arrondissement,Sokolo,Sokolo,sokolo-040901,ML-A040901,,ML0409,Sokolo,Sokolo,,,,1,,14.733,-6.122
ML-A040902,3,Arrondissement,Arrondissement,Dogofry,Dogofry,dogofry-040902,ML-A040902,,ML0409,Sokolo,Sokolo,,,,1,,14.733,-6.122
ML-A040903,3,Arrondissement,Arrondissement,Diabaly,Diabaly,diabaly-040903,ML-A040903,,ML0409,Sokolo,Sokolo,,,,1,,14.733,-6.122
ML-A041001,3,Arrondissement,Arrondissement,Markala,Markala,markala-041001,ML-A041001,,ML0410,Markala,Markala,,,,3,,13.816,-5.358
ML-A041002,3,Arrondissement,Arrondissement,Sansanding,Sansanding,sansanding-041002,ML-A041002,,ML0410,Markala,Markala,,,,2,,13.816,-5.358
ML-A041003,3,Arrondissement,Arrondissement,Boussin,Boussin,boussin-041003,ML-A041003,,ML0410,Markala,Markala,,,,1,,13.816,-5.358
ML-A041101,3,Arrondissement,Arrondissement,Sarro,Sarro,sarro-041101,ML-A041101,,ML0411,Sarro,Sarro,,,,3,,13.721,-5.239
ML-A041102,3,Arrondissement,Arrondissement,Souleye,Souleye,souleye-041102,ML-A041102,,ML0411,Sarro,Sarro,,,,1,,13.721,-5.239
ML-A050101,3,Arrondissement,Arrondissement,Mopti,Mopti,mopti-050101,ML-A050101,,ML0501,Mopti,Mopti,,,,2,,14.484,-4.183
ML-A050102,3,Arrondissement,Arrondissement,Dialloubé,Dialloubé,dialloub-050102,ML-A050102,,ML0501,Mopti,Mopti,,,,1,,14.484,-4.183
ML-A050103,3,Arrondissement,Arrondissement,Fatoma,Fatoma,fatoma-050103,ML-A050103,,ML0501,Mopti,Mopti,,,,3,,14.484,-4.183
ML-A050104,3,Arrondissement,Arrondissement,Sendegué,Sendegué,sendegu-050104,ML-A050104,,ML0501,Mopti,Mopti,,,,1,,14.484,-4.183
ML-A050105,3,Arrondissement,Arrondissement,Soufouroulaye,Soufouroulaye,soufouroulaye-050105,ML-A050105,,ML0501,Mopti,Mopti,,,,1,,14.484,-4.183
ML-A050106,3,Arrondissement,Arrondissement,Soye,Soye,soye-050106,ML-A050106,,ML0501,Mopti,Mopti,,,,1,,14.484,-4.183
ML-A050107,3,Arrondissement,Arrondissement,Ouro-Modi,Ouro-Modi,ouro-modi-050107,ML-A050107,,ML0501,Mopti,Mopti,,,,3,,14.484,-4.183
ML-A050201,3,Arrondissement,Arrondissement,Djenné,Djenné,djenn-050201,ML-A050201,,ML0502,Djenné,Djenne,,,,5,,13.906,-4.553
ML-A050202,3,Arrondissement,Arrondissement,Konio,Konio,konio-050202,ML-A050202,,ML0502,Djenné,Djenne,,,,2,,13.906,-4.553
ML-A050203,3,Arrondissement,Arrondissement,Kouakourou,Kouakourou,kouakourou-050203,ML-A050203,,ML0502,Djenné,Djenne,,,,2,,13.906,-4.553
ML-A050204,3,Arrondissement,Arrondissement,Mougna,Mougna,mougna-050204,ML-A050204,,ML0502,Djenné,Djenne,,,,1,,13.906,-4.553
ML-A050205,3,Arrondissement,Arrondissement,Taga,Taga,taga-050205,ML-A050205,,ML0502,Djenné,Djenne,,,,1,,13.906,-4.553
ML-A050301,3,Arrondissement,Arrondissement,Ténenkou,Ténenkou,tnenkou-050301,ML-A050301,,ML0503,Ténenkou,Tenenkou,,,,5,,14.457,-4.917
ML-A050302,3,Arrondissement,Arrondissement,Diafarabé,Diafarabé,diafarab-050302,ML-A050302,,ML0503,Ténenkou,Tenenkou,,,,1,,14.457,-4.917
ML-A050303,3,Arrondissement,Arrondissement,Diondiori,Diondiori,diondiori-050303,ML-A050303,,ML0503,Ténenkou,Tenenkou,,,,1,,14.457,-4.917
ML-A050304,3,Arrondissement,Arrondissement,Sossobé,Sossobé,sossob-050304,ML-A050304,,ML0503,Ténenkou,Tenenkou,,,,1,,14.457,-4.917
ML-A050401,3,Arrondissement,Arrondissement,Youwarou,Youwarou,youwarou-050401,ML-A050401,,ML0504,Youwarou,Youwarou,,,,1,,15.368,-4.263
ML-A050402,3,Arrondissement,Arrondissement,Gathi-Loumo,Gathi-Loumo,gathi-loumo-050402,ML-A050402,,ML0504,Youwarou,Youwarou,,,,1,,15.368,-4.263
ML-A050403,3,Arrondissement,Arrondissement,Guidio-Saré,Guidio-Saré,guidio-sar-050403,ML-A050403,,ML0504,Youwarou,Youwarou,,,,1,,15.368,-4.263
ML-A050404,3,Arrondissement,Arrondissement,Sah,Sah,sah-050404,ML-A050404,,ML0504,Youwarou,Youwarou,,,,1,,15.368,-4.263
ML-A050405,3,Arrondissement,Arrondissement,Ambiri,Ambiri,ambiri-050405,ML-A050405,,ML0504,Youwarou,Youwarou,,,,2,,15.368,-4.263
ML-A050406,3,Arrondissement,Arrondissement,Dogo,Dogo,dogo-050406,ML-A050406,,ML0504,Youwarou,Youwarou,,,,1,,15.368,-4.263
ML-A050501,3,Arrondissement,Arrondissement,Konna,Konna,konna-050501,ML-A050501,,ML0505,Konna,Konna,,,,1,,14.944,-3.89
ML-A050502,3,Arrondissement,Arrondissement,Diambakourou,Diambakourou,diambakourou-050502,ML-A050502,,ML0505,Konna,Konna,,,,1,,14.944,-3.89
ML-A050503,3,Arrondissement,Arrondissement,Kontza,Kontza,kontza-050503,ML-A050503,,ML0505,Konna,Konna,,,,1,,14.944,-3.89
ML-A050601,3,Arrondissement,Arrondissement,Korientzé,Korientzé,korientz-050601,ML-A050601,,ML0506,Korientzé,Korientze,,,,1,,15.394,-3.782
ML-A050602,3,Arrondissement,Arrondissement,N'Gorodia,N'Gorodia,ngorodia-050602,ML-A050602,,ML0506,Korientzé,Korientze,,,,1,,15.394,-3.782
ML-A050603,3,Arrondissement,Arrondissement,Doko,Doko,doko-050603,ML-A050603,,ML0506,Korientzé,Korientze,,,,1,,15.394,-3.782
ML-A050604,3,Arrondissement,Arrondissement,Gouloumbou,Gouloumbou,gouloumbou-050604,ML-A050604,,ML0506,Korientzé,Korientze,,,,1,,15.394,-3.782
ML-A050701,3,Arrondissement,Arrondissement,Sofara,Sofara,sofara-050701,ML-A050701,,ML0507,Sofara,Sofara,,,,1,,14.017,-4.233
ML-A050702,3,Arrondissement,Arrondissement,Bonguel,Bonguel,bonguel-050702,ML-A050702,,ML0507,Sofara,Sofara,,,,1,,14.017,-4.233
ML-A050801,3,Arrondissement,Arrondissement,Toguéré-Coumbé,Toguéré-Coumbé,togur-coumb-050801,ML-A050801,,ML0508,Toguéré-Coumbé,Togueré-Coumbé,,,,1,,14.917,-4.6
ML-A050802,3,Arrondissement,Arrondissement,Ouronguia,Ouronguia,ouronguia-050802,ML-A050802,,ML0508,Toguéré-Coumbé,Togueré-Coumbé,,,,1,,14.917,-4.6
ML-A050803,3,Arrondissement,Arrondissement,Doungoura,Doungoura,doungoura-050803,ML-A050803,,ML0508,Toguéré-Coumbé,Togueré-Coumbé,,,,1,,14.917,-4.6
ML-A060101,3,Arrondissement,Arrondissement,Tombouctou,Tombouctou,tombouctou-060101,ML-A060101,,ML0601,Tombouctou,Timbuktu,,,,2,,16.773,-3.007
ML-A060102,3,Arrondissement,Arrondissement,Aglal,Aglal,aglal-060102,ML-A060102,,ML0601,Tombouctou,Timbuktu,,,,1,,16.773,-3.007
ML-A060103,3,Arrondissement,Arrondissement,Bourem Inaly,Bourem Inaly,bourem-inaly-060103,ML-A060103,,ML0601,Tombouctou,Timbuktu,,,,1,,16.773,-3.007
ML-A060201,3,Arrondissement,Arrondissement,Goundam,Goundam,goundam-060201,ML-A060201,,ML0602,Goundam,Goundam,,,,4,,16.415,-3.671
ML-A060202,3,Arrondissement,Arrondissement,Douékiré,Douékiré,doukir-060202,ML-A060202,,ML0602,Goundam,Goundam,,,,1,,16.415,-3.671
ML-A060203,3,Arrondissement,Arrondissement,Farach,Farach,farach-060203,ML-A060203,,ML0602,Goundam,Goundam,,,,2,,16.415,-3.671
ML-A060301,3,Arrondissement,Arrondissement,Diré,Diré,dir-060301,ML-A060301,,ML0603,Diré,Dire,,,,8,,16.257,-3.401
ML-A060302,3,Arrondissement,Arrondissement,Saréyamou,Saréyamou,saryamou-060302,ML-A060302,,ML0603,Diré,Dire,,,,2,,16.257,-3.401
ML-A060303,3,Arrondissement,Arrondissement,Haibongo,Haibongo,haibongo-060303,ML-A060303,,ML0603,Diré,Dire,,,,1,,16.257,-3.401
ML-A060304,3,Arrondissement,Arrondissement,Dangha,Dangha,dangha-060304,ML-A060304,,ML0603,Diré,Dire,,,,2,,16.257,-3.401
ML-A060401,3,Arrondissement,Arrondissement,Niafunké,Niafunké,niafunk-060401,ML-A060401,,,,,,,,1,,15.932,-3.991
ML-A060402,3,Arrondissement,Arrondissement,Soumpi,Soumpi,soumpi-060402,ML-A060402,,,,,,,,1,,15.844,-4.325
ML-A060501,3,Arrondissement,Arrondissement,Rharous,Rharous,rharous-060501,ML-A060501,,,,,,,,2,,16.883,-1.923
ML-A060502,3,Arrondissement,Arrondissement,Mandiakoye,Mandiakoye,mandiakoye-060502,ML-A060502,,,,,,,,2,,16,-3
ML-A060601,3,Arrondissement,Arrondissement,Bintagoungou,Bintagoungou,bintagoungou-060601,ML-A060601,,ML0606,Bintagoungou,Bintagoungou,,,,2,,16.735,-3.735
ML-A060602,3,Arrondissement,Arrondissement,M'Bouna,M'Bouna,mbouna-060602,ML-A060602,,ML0606,Bintagoungou,Bintagoungou,,,,2,,16.735,-3.735
ML-A060701,3,Arrondissement,Arrondissement,Saraféré,Saraféré,sarafr-060701,ML-A060701,,ML0607,Saraféré,Sarafere,,,,1,,15.824,-3.694
ML-A060702,3,Arrondissement,Arrondissement,Banikane,Banikane,banikane-060702,ML-A060702,,ML0607,Saraféré,Sarafere,,,,1,,15.824,-3.694
ML-A060703,3,Arrondissement,Arrondissement,Koumaïra,Koumaïra,koumara-060703,ML-A060703,,ML0607,Saraféré,Sarafere,,,,1,,15.824,-3.694
ML-A060704,3,Arrondissement,Arrondissement,N'Gorkou,N'Gorkou,ngorkou-060704,ML-A060704,,ML0607,Saraféré,Sarafere,,,,1,,15.824,-3.694
ML-A060801,3,Arrondissement,Arrondissement,Bambara-Maoudé,Bambara-Maoudé,bambara-maoud-060801,ML-A060801,,ML0608,Bambara-Maoudé,Bambara-Maoude,,,,1,,15.851,-2.786
ML-A060802,3,Arrondissement,Arrondissement,Inadiatafane,Inadiatafane,inadiatafane-060802,ML-A060802,,ML0608,Bambara-Maoudé,Bambara-Maoude,,,,1,,15.851,-2.786
ML-A060803,3,Arrondissement,Arrondissement,Haribomo,Haribomo,haribomo-060803,ML-A060803,,ML0608,Bambara-Maoudé,Bambara-Maoude,,,,1,,15.851,-2.786
ML-A060901,3,Arrondissement,Arrondissement,Léré,Léré,lr-060901,ML-A060901,,ML0609,Léré,Lere,,,,1,,15.712,-4.912
ML-A060902,3,Arrondissement,Arrondissement,Dianké,Dianké,diank-060902,ML-A060902,,ML0609,Léré,Lere,,,,1,,15.712,-4.912
ML-A061001,3,Arrondissement,Arrondissement,Gossi,Gossi,gossi-061001,ML-A061001,,ML0610,Gossi,Gossi,,,,1,,15.82,-1.291
ML-A061002,3,Arrondissement,Arrondissement,Ouinerden,Ouinerden,ouinerden-061002,ML-A061002,,ML0610,Gossi,Gossi,,,,1,,15.82,-1.291
ML-A061101,3,Arrondissement,Arrondissement,Tonka,Tonka,tonka-061101,ML-A061101,,ML0611,Tonka,Tonka,,,,1,,16.129,-3.748
ML-A061102,3,Arrondissement,Arrondissement,Mékoreye,Mékoreye,mkoreye-061102,ML-A061102,,ML0611,Tonka,Tonka,,,,1,,16.129,-3.748
ML-A061201,3,Arrondissement,Arrondissement,Ber,Ber,ber-061201,ML-A061201,,ML0612,Ber,Ber,,,,1,,16.835,-2.532
ML-A061202,3,Arrondissement,Arrondissement,Zarho,Zarho,zarho-061202,ML-A061202,,ML0612,Ber,Ber,,,,1,,16.835,-2.532
ML-A061301,3,Arrondissement,Arrondissement,Gargando,Gargando,gargando-061301,ML-A061301,,ML0613,Gargando,Gargando,,,,1,,16.463,-4.173
ML-A061302,3,Arrondissement,Arrondissement,Raz-Elma,Raz-Elma,raz-elma-061302,ML-A061302,,ML0613,Gargando,Gargando,,,,1,,16.463,-4.173
ML-A061303,3,Arrondissement,Arrondissement,Tilemsi,Tilemsi,tilemsi-061303,ML-A061303,,ML0613,Gargando,Gargando,,,,2,,16.463,-4.173
ML-A070101,3,Arrondissement,Arrondissement,Gao,Gao,gao-070101,ML-A070101,,ML0701,Gao,Gao,,,,1,,16.272,-0.045
ML-A070102,3,Arrondissement,Arrondissement,Gounzoureye,Gounzoureye,gounzoureye-070102,ML-A070102,,ML0701,Gao,Gao,,,,1,,16.272,-0.045
ML-A070201,3,Arrondissement,Arrondissement,Bourem,Bourem,bourem-070201,ML-A070201,,ML0702,Bourem,Bourem,,,,1,,16.955,-0.349
ML-A070202,3,Arrondissement,Arrondissement,Taboye,Taboye,taboye-070202,ML-A070202,,ML0702,Bourem,Bourem,,,,1,,16.955,-0.349
ML-A070301,3,Arrondissement,Arrondissement,Ansongo,Ansongo,ansongo-070301,ML-A070301,,ML0703,Ansongo,Ansongo,,,,3,,15.66,0.502
ML-A070302,3,Arrondissement,Arrondissement,Tin-Hamma,Tin-Hamma,tin-hamma-070302,ML-A070302,,ML0703,Ansongo,Ansongo,,,,1,,15.66,0.502
ML-A070401,3,Arrondissement,Arrondissement,Almoustrat,Almoustrat,almoustrat-070401,ML-A070401,,ML0704,Almoustrat,Almoustrat,,,,2,,17.358,0.15
ML-A070402,3,Arrondissement,Arrondissement,Agharous,Agharous,agharous-070402,ML-A070402,,ML0704,Almoustrat,Almoustrat,,,,1,,17.358,0.15
ML-A070403,3,Arrondissement,Arrondissement,M'Beikit Ljoul,M'Beikit Ljoul,mbeikit-ljoul-070403,ML-A070403,,ML0704,Almoustrat,Almoustrat,,,,1,,17.358,0.15
ML-A070501,3,Arrondissement,Arrondissement,Bamba,Bamba,bamba-070501,ML-A070501,,ML0705,Bamba,Bamba,,,,1,,17.034,-1.404
ML-A070502,3,Arrondissement,Arrondissement,Téméra,Téméra,tmra-070502,ML-A070502,,ML0705,Bamba,Bamba,,,,1,,17.034,-1.404
ML-A070601,3,Arrondissement,Arrondissement,Ouattagouna,Ouattagouna,ouattagouna-070601,ML-A070601,,ML0706,Ouattagouna,Ouattagouna,,,,1,,15.182,0.722
ML-A070602,3,Arrondissement,Arrondissement,Fafa,Fafa,fafa-070602,ML-A070602,,ML0706,Ouattagouna,Ouattagouna,,,,1,,15.182,0.722
ML-A070603,3,Arrondissement,Arrondissement,Labbézanga,Labbézanga,labbzanga-070603,ML-A070603,,ML0706,Ouattagouna,Ouattagouna,,,,1,,15.182,0.722
ML-A070701,3,Arrondissement,Arrondissement,Soni Aliber,Soni Aliber,soni-aliber-070701,ML-A070701,,,,,,,,1,,16.5,-3.5
ML-A070702,3,Arrondissement,Arrondissement,Magnadaoué,Magnadaoué,magnadaou-070702,ML-A070702,,,,,,,,1,,15.5,-1.5
ML-A070801,3,Arrondissement,Arrondissement,Djebock,Djebock,djebock-070801,ML-A070801,,ML0708,Djebock,Djebock,,,,1,,16.343,0.278
ML-A070802,3,Arrondissement,Arrondissement,Anchawadji,Anchawadji,anchawadji-070802,ML-A070802,,ML0708,Djebock,Djebock,,,,1,,16.343,0.278
ML-A070803,3,Arrondissement,Arrondissement,Tacharane,Tacharane,tacharane-070803,ML-A070803,,ML0708,Djebock,Djebock,,,,1,,16.343,0.278
ML-A070901,3,Arrondissement,Arrondissement,Talataye,Talataye,talataye-070901,ML-A070901,,ML0709,Talataye,Talataye,,,,1,,16.531,1.516
ML-A070902,3,Arrondissement,Arrondissement,Indélimane,Indélimane,indlimane-070902,ML-A070902,,ML0709,Talataye,Talataye,,,,1,,16.531,1.516
ML-A071001,3,Arrondissement,Arrondissement,Tessit,Tessit,tessit-071001,ML-A071001,,ML0710,Téssit,Tessit,,,,1,,15.217,-0.3
ML-A071002,3,Arrondissement,Arrondissement,Aroun,Aroun,aroun-071002,ML-A071002,,ML0710,Téssit,Tessit,,,,1,,15.217,-0.3
ML-A071003,3,Arrondissement,Arrondissement,Keygouroutane,Keygouroutane,keygouroutane-071003,ML-A071003,,ML0710,Téssit,Tessit,,,,1,,15.217,-0.3
ML-A071004,3,Arrondissement,Arrondissement,Famlbougou,Famlbougou,famlbougou-071004,ML-A071004,,ML0710,Téssit,Tessit,,,,1,,15.217,-0.3
ML-A071101,3,Arrondissement,Arrondissement,N'Tillit,N'Tillit,ntillit-071101,ML-A071101,,ML0711,N'tillit,Ntillit,,,,1,,16.272,-0.045
ML-A071102,3,Arrondissement,Arrondissement,Tihigrine,Tihigrine,tihigrine-071102,ML-A071102,,ML0711,N'tillit,Ntillit,,,,1,,16.272,-0.045
ML-A071201,3,Arrondissement,Arrondissement,Haoussa-Foulane,Haoussa-Foulane,haoussa-foulane-071201,ML-A071201,,,,,,,,1,,15.995,0.132
ML-A071202,3,Arrondissement,Arrondissement,Zinda,Zinda,zinda-071202,ML-A071202,,,,,,,,1,,16.024,0.077
ML-A071301,3,Arrondissement,Arrondissement,Ersane,Ersane,ersane-071301,ML-A071301,,ML0713,Ersane,Ersane,,,,1,,16.959,1.808
ML-A071302,3,Arrondissement,Arrondissement,Ghnou,Ghnou,ghnou-071302,ML-A071302,,ML0713,Ersane,Ersane,,,,1,,16.959,1.808
ML-A071401,3,Arrondissement,Arrondissement,Tabankort,Tabankort,tabankort-071401,ML-A071401,,ML0714,Tabankort,Tabankort,,,,1,,17.82,0.314
ML-A071402,3,Arrondissement,Arrondissement,Tameglelte,Tameglelte,tameglelte-071402,ML-A071402,,ML0714,Tabankort,Tabankort,,,,1,,17.82,0.314
ML-A071403,3,Arrondissement,Arrondissement,Krefinatt,Krefinatt,krefinatt-071403,ML-A071403,,ML0714,Tabankort,Tabankort,,,,1,,17.82,0.314
ML-A071404,3,Arrondissement,Arrondissement,Aslar,Aslar,aslar-071404,ML-A071404,,ML0714,Tabankort,Tabankort,,,,1,,17.82,0.314
ML-A071501,3,Arrondissement,Arrondissement,Tin-Aouker,Tin-Aouker,tin-aouker-071501,ML-A071501,,ML0715,Tin-Aouker,Tin-Aouker,,,,1,,13.071,-6.835
ML-A071502,3,Arrondissement,Arrondissement,Amastrakat,Amastrakat,amastrakat-071502,ML-A071502,,ML0715,Tin-Aouker,Tin-Aouker,,,,1,,13.071,-6.835
ML-A071601,3,Arrondissement,Arrondissement,Kassambéré,Kassambéré,kassambr-071601,ML-A071601,,ML0716,Kassambéré,Kassambere,,,,1,,16.272,-0.045
ML-A071602,3,Arrondissement,Arrondissement,Tougoumbar,Tougoumbar,tougoumbar-071602,ML-A071602,,ML0716,Kassambéré,Kassambere,,,,1,,16.272,-0.045
ML-A071603,3,Arrondissement,Arrondissement,Tahbanat,Tahbanat,tahbanat-071603,ML-A071603,,ML0716,Kassambéré,Kassambere,,,,1,,16.272,-0.045
ML-A071604,3,Arrondissement,Arrondissement,Iniyiss,Iniyiss,iniyiss-071604,ML-A071604,,ML0716,Kassambéré,Kassambere,,,,1,,16.272,-0.045
ML-A080101,3,Arrondissement,Arrondissement,Kidal,Kidal,kidal-080101,ML-A080101,,ML0801,Kidal,Kidal,,,,1,,18.461,1.385
ML-A080102,3,Arrondissement,Arrondissement,Essouk,Essouk,essouk-080102,ML-A080102,,ML0801,Kidal,Kidal,,,,1,,18.461,1.385
ML-A080103,3,Arrondissement,Arrondissement,Agharous,Agharous,agharous-080103,ML-A080103,,ML0801,Kidal,Kidal,,,,1,,18.461,1.385
ML-A080201,3,Arrondissement,Arrondissement,Abeïbara,Abeïbara,abebara-080201,ML-A080201,,ML0802,AbeÏbara,Abelbara,,,,1,,19.29,1.83
ML-A080202,3,Arrondissement,Arrondissement,Boghassa,Boghassa,boghassa-080202,ML-A080202,,ML0802,AbeÏbara,Abelbara,,,,1,,19.29,1.83
ML-A080203,3,Arrondissement,Arrondissement,Tinzawatène,Tinzawatène,tinzawatne-080203,ML-A080203,,ML0802,AbeÏbara,Abelbara,,,,1,,19.29,1.83
ML-A080301,3,Arrondissement,Arrondissement,Tin-Essako,Tin-Essako,tin-essako-080301,ML-A080301,,ML0803,Tin-Essako,Tin-Essako,,,,2,,18.451,2.49
ML-A080302,3,Arrondissement,Arrondissement,Gueljiat,Gueljiat,gueljiat-080302,ML-A080302,,ML0803,Tin-Essako,Tin-Essako,,,,1,,18.451,2.49
ML-A080303,3,Arrondissement,Arrondissement,Anagarous,Anagarous,anagarous-080303,ML-A080303,,ML0803,Tin-Essako,Tin-Essako,,,,1,,18.451,2.49
ML-A080401,3,Arrondissement,Arrondissement,Tessalit,Tessalit,tessalit-080401,ML-A080401,,ML0804,Tessalit,Tessalit,,,,1,,20.271,0.697
ML-A080402,3,Arrondissement,Arrondissement,Terist,Terist,terist-080402,ML-A080402,,ML0804,Tessalit,Tessalit,,,,1,,20.271,0.697
ML-A080403,3,Arrondissement,Arrondissement,Ikadhawatène,Ikadhawatène,ikadhawatne-080403,ML-A080403,,ML0804,Tessalit,Tessalit,,,,1,,20.271,0.697
ML-A080404,3,Arrondissement,Arrondissement,Abanco,Abanco,abanco-080404,ML-A080404,,ML0804,Tessalit,Tessalit,,,,1,,20.271,0.697
ML-A080501,3,Arrondissement,Arrondissement,Achibogho,Achibogho,achibogho-080501,ML-A080501,,ML0805,Achibogho,Achibogho,,,,1,,18.461,1.385
ML-A080502,3,Arrondissement,Arrondissement,Imbulal,Imbulal,imbulal-080502,ML-A080502,,ML0805,Achibogho,Achibogho,,,,1,,18.461,1.385
ML-A080503,3,Arrondissement,Arrondissement,Infalfalane,Infalfalane,infalfalane-080503,ML-A080503,,ML0805,Achibogho,Achibogho,,,,1,,18.461,1.385
ML-A080601,3,Arrondissement,Arrondissement,Anéfif,Anéfif,anfif-080601,ML-A080601,,ML0806,Anéfif,Anefi,,,,1,,18.007,-0.532
ML-A080602,3,Arrondissement,Arrondissement,Dadate,Dadate,dadate-080602,ML-A080602,,ML0806,Anéfif,Anefi,,,,1,,18.007,-0.532
ML-A080603,3,Arrondissement,Arrondissement,Teknewène,Teknewène,teknewne-080603,ML-A080603,,ML0806,Anéfif,Anefi,,,,1,,18.007,-0.532
ML-A080701,3,Arrondissement,Arrondissement,Timétrine,Timétrine,timtrine-080701,ML-A080701,,ML0807,Timétrine,Timetrine,,,,1,,19.333,-0.582
ML-A080702,3,Arrondissement,Arrondissement,Almahmoud,Almahmoud,almahmoud-080702,ML-A080702,,ML0807,Timétrine,Timetrine,,,,1,,19.333,-0.582
ML-A080703,3,Arrondissement,Arrondissement,Tayhoten,Tayhoten,tayhoten-080703,ML-A080703,,ML0807,Timétrine,Timetrine,,,,1,,19.333,-0.582
ML-A080801,3,Arrondissement,Arrondissement,Aguel-Hoc,Aguel-Hoc,aguel-hoc-080801,ML-A080801,,ML0808,Aguel-Hoc,Aguelhoc,,,,1,,19.454,0.856
ML-A080802,3,Arrondissement,Arrondissement,Taghlit,Taghlit,taghlit-080802,ML-A080802,,ML0808,Aguel-Hoc,Aguelhoc,,,,1,,19.454,0.856
ML-A080803,3,Arrondissement,Arrondissement,Tadjmart,Tadjmart,tadjmart-080803,ML-A080803,,ML0808,Aguel-Hoc,Aguelhoc,,,,1,,19.454,0.856
ML-A080901,3,Arrondissement,Arrondissement,Takalote,Takalote,takalote-080901,ML-A080901,,ML0809,Takalote,Takalote,,,,1,,18.461,1.385
ML-A080902,3,Arrondissement,Arrondissement,Amassine,Amassine,amassine-080902,ML-A080902,,ML0809,Takalote,Takalote,,,,1,,18.461,1.385
ML-A080903,3,Arrondissement,Arrondissement,Tassik,Tassik,tassik-080903,ML-A080903,,ML0809,Takalote,Takalote,,,,1,,18.461,1.385
ML-A080904,3,Arrondissement,Arrondissement,Touzek,Touzek,touzek-080904,ML-A080904,,ML0809,Takalote,Takalote,,,,1,,18.461,1.385
ML-A090101,3,Arrondissement,Arrondissement,Taoudenni,Taoudenni,taoudenni-090101,ML-A090101,,ML0901,Taoudenni,Taoudenni,,,,1,,22.677,-3.979
ML-A090102,3,Arrondissement,Arrondissement,Teghaza,Teghaza,teghaza-090102,ML-A090102,,ML0901,Taoudenni,Taoudenni,,,,1,,22.677,-3.979
ML-A090103,3,Arrondissement,Arrondissement,Zouelya,Zouelya,zouelya-090103,ML-A090103,,ML0901,Taoudenni,Taoudenni,,,,1,,22.677,-3.979
ML-A090104,3,Arrondissement,Arrondissement,Alhank,Alhank,alhank-090104,ML-A090104,,ML0901,Taoudenni,Taoudenni,,,,1,,22.677,-3.979
ML-A090201,3,Arrondissement,Arrondissement,Araouane,Araouane,araouane-090201,ML-A090201,,ML0902,Araouane,Araouane,,,,1,,18.905,-3.526
ML-A090202,3,Arrondissement,Arrondissement,Achamour,Achamour,achamour-090202,ML-A090202,,ML0902,Araouane,Araouane,,,,1,,18.905,-3.526
ML-A090203,3,Arrondissement,Arrondissement,M'Back-Sama,M'Back-Sama,mback-sama-090203,ML-A090203,,ML0902,Araouane,Araouane,,,,1,,18.905,-3.526
ML-A090204,3,Arrondissement,Arrondissement,Tinéguelhadj (Tengoutranat),Tinéguelhadj (Tengoutranat),tinguelhadj-tengoutranat-090204,ML-A090204,,ML0902,Araouane,Araouane,,,,1,,18.905,-3.526
ML-A090205,3,Arrondissement,Arrondissement,Wade Lahjare,Wade Lahjare,wade-lahjare-090205,ML-A090205,,ML0902,Araouane,Araouane,,,,1,,18.905,-3.526
ML-A090301,3,Arrondissement,Arrondissement,Foum-Elba,Foum-Elba,foum-elba-090301,ML-A090301,,ML0903,Foum-Elba,Foum-Elba,,,,1,,22.677,-3.979
ML-A090302,3,Arrondissement,Arrondissement,Alougla,Alougla,alougla-090302,ML-A090302,,ML0903,Foum-Elba,Foum-Elba,,,,1,,22.677,-3.979
ML-A090303,3,Arrondissement,Arrondissement,Bougwera,Bougwera,bougwera-090303,ML-A090303,,ML0903,Foum-Elba,Foum-Elba,,,,1,,22.677,-3.979
ML-A090304,3,Arrondissement,Arrondissement,Lamhaïmide,Lamhaïmide,lamhamide-090304,ML-A090304,,ML0903,Foum-Elba,Foum-Elba,,,,1,,22.677,-3.979
ML-A090305,3,Arrondissement,Arrondissement,Touwal,Touwal,touwal-090305,ML-A090305,,ML0903,Foum-Elba,Foum-Elba,,,,1,,22.677,-3.979
ML-A090401,3,Arrondissement,Arrondissement,Boû-Djebeha,Boû-Djebeha,bo-djebeha-090401,ML-A090401,,ML0904,Boû-Djebeha,Bou-Djebeha,,,,1,,22.677,-3.979
ML-A090402,3,Arrondissement,Arrondissement,Agouni,Agouni,agouni-090402,ML-A090402,,ML0904,Boû-Djebeha,Bou-Djebeha,,,,1,,22.677,-3.979
ML-A090403,3,Arrondissement,Arrondissement,Erg-Lakhal,Erg-Lakhal,erg-lakhal-090403,ML-A090403,,ML0904,Boû-Djebeha,Bou-Djebeha,,,,1,,22.677,-3.979
ML-A090404,3,Arrondissement,Arrondissement,Limgassim,Limgassim,limgassim-090404,ML-A090404,,ML0904,Boû-Djebeha,Bou-Djebeha,,,,1,,22.677,-3.979
ML-A090405,3,Arrondissement,Arrondissement,Tichift,Tichift,tichift-090405,ML-A090405,,ML0904,Boû-Djebeha,Bou-Djebeha,,,,1,,22.677,-3.979
ML-A090501,3,Arrondissement,Arrondissement,Al-Ourche,Al-Ourche,al-ourche-090501,ML-A090501,,ML0905,Al-Ourche,Al-Ourche,,,,1,,22.677,-3.979
ML-A090502,3,Arrondissement,Arrondissement,Diaba,Diaba,diaba-090502,ML-A090502,,ML0905,Al-Ourche,Al-Ourche,,,,1,,22.677,-3.979
ML-A090503,3,Arrondissement,Arrondissement,Oum-Laazam,Oum-Laazam,oum-laazam-090503,ML-A090503,,ML0905,Al-Ourche,Al-Ourche,,,,1,,22.677,-3.979
ML-A090504,3,Arrondissement,Arrondissement,Tamagounite,Tamagounite,tamagounite-090504,ML-A090504,,ML0905,Al-Ourche,Al-Ourche,,,,1,,22.677,-3.979
ML-A090505,3,Arrondissement,Arrondissement,Ziriba,Ziriba,ziriba-090505,ML-A090505,,ML0905,Al-Ourche,Al-Ourche,,,,1,,22.677,-3.979
ML-A090506,3,Arrondissement,Arrondissement,Nibkt-Elk,Nibkt-Elk,nibkt-elk-090506,ML-A090506,,ML0905,Al-Ourche,Al-Ourche,,,,1,,22.677,-3.979
ML-A090601,3,Arrondissement,Arrondissement,Achouratt,Achouratt,achouratt-090601,ML-A090601,,ML0906,Achouratt,Achouratt,,,,1,,22.677,-3.979
ML-A090602,3,Arrondissement,Arrondissement,Alfacrouna,Alfacrouna,alfacrouna-090602,ML-A090602,,ML0906,Achouratt,Achouratt,,,,1,,22.677,-3.979
ML-A090603,3,Arrondissement,Arrondissement,Algatara,Algatara,algatara-090603,ML-A090603,,ML0906,Achouratt,Achouratt,,,,1,,22.677,-3.979
ML-A090604,3,Arrondissement,Arrondissement,Almatala,Almatala,almatala-090604,ML-A090604,,ML0906,Achouratt,Achouratt,,,,1,,22.677,-3.979
ML-A090605,3,Arrondissement,Arrondissement,Liraka,Liraka,liraka-090605,ML-A090605,,ML0906,Achouratt,Achouratt,,,,1,,22.677,-3.979
ML-A100101,3,Arrondissement,Arrondissement,Ménaka,Ménaka,mnaka-100101,ML-A100101,,ML1001,Ménaka,Menaka,,,,4,,15.92,2.396
ML-A100102,3,Arrondissement,Arrondissement,Infoukarétane,Infoukarétane,infoukartane-100102,ML-A100102,,ML1001,Ménaka,Menaka,,,,3,,15.92,2.396
ML-A100103,3,Arrondissement,Arrondissement,Izgarat,Izgarat,izgarat-100103,ML-A100103,,ML1001,Ménaka,Menaka,,,,1,,15.92,2.396
ML-A100104,3,Arrondissement,Arrondissement,Haïgana,Haïgana,hagana-100104,ML-A100104,,ML1001,Ménaka,Menaka,,,,1,,15.92,2.396
ML-A100201,3,Arrondissement,Arrondissement,Tidermène,Tidermène,tidermne-100201,ML-A100201,,ML1002,Tidermène,Tidermene,,,,3,,16.592,2.415
ML-A100202,3,Arrondissement,Arrondissement,Inhinita,Inhinita,inhinita-100202,ML-A100202,,ML1002,Tidermène,Tidermene,,,,1,,16.592,2.415
ML-A100203,3,Arrondissement,Arrondissement,Tin-Djeret,Tin-Djeret,tin-djeret-100203,ML-A100203,,ML1002,Tidermène,Tidermene,,,,1,,16.592,2.415
ML-A100301,3,Arrondissement,Arrondissement,Inékar,Inékar,inkar-100301,ML-A100301,,ML1003,Inékar,Inekar,,,,1,,15.959,3.141
ML-A100302,3,Arrondissement,Arrondissement,Tadriante,Tadriante,tadriante-100302,ML-A100302,,ML1003,Inékar,Inekar,,,,1,,15.959,3.141
ML-A100303,3,Arrondissement,Arrondissement,Aghazraghane,Aghazraghane,aghazraghane-100303,ML-A100303,,ML1003,Inékar,Inekar,,,,1,,15.959,3.141
ML-A100401,3,Arrondissement,Arrondissement,Andéramboukane,Andéramboukane,andramboukane-100401,ML-A100401,,ML1004,Andéramboukane,Anderamboukane,,,,3,,15.422,3.022
ML-A100402,3,Arrondissement,Arrondissement,Azawak (In Chinanane),Azawak (In Chinanane),azawak-in-chinanane-100402,ML-A100402,,ML1004,Andéramboukane,Anderamboukane,,,,1,,15.422,3.022
ML-A100403,3,Arrondissement,Arrondissement,Tamalet,Tamalet,tamalet-100403,ML-A100403,,ML1004,Andéramboukane,Anderamboukane,,,,1,,15.422,3.022
ML-A100501,3,Arrondissement,Arrondissement,Anouzagrène,Anouzagrène,anouzagrne-100501,ML-A100501,,ML1005,Anouzagrène,Anouzagrene,,,,1,,15.537,2.497
ML-A100502,3,Arrondissement,Arrondissement,Tissalatène,Tissalatène,tissalatne-100502,ML-A100502,,ML1005,Anouzagrène,Anouzagrene,,,,1,,15.537,2.497
ML-A100601,3,Arrondissement,Arrondissement,Inlamawane,Inlamawane,inlamawane-100601,ML-A100601,,ML1006,Inlamawane (Fanfi),Inlamawane (Fanfi),,,,1,,15.92,2.396
ML-A100602,3,Arrondissement,Arrondissement,Alata (Sahen),Alata (Sahen),alata-sahen-100602,ML-A100602,,ML1006,Inlamawane (Fanfi),Inlamawane (Fanfi),,,,1,,15.92,2.396
ML-A100603,3,Arrondissement,Arrondissement,Tissouakh,Tissouakh,tissouakh-100603,ML-A100603,,ML1006,Inlamawane (Fanfi),Inlamawane (Fanfi),,,,1,,15.92,2.396
ML-A110101,3,Arrondissement,Arrondissement,Nioro,Nioro,nioro-110101,ML-A110101,,ML1101,Nioro,Nioro,,,,5,,15.231,-9.594
ML-A110102,3,Arrondissement,Arrondissement,Gavinané,Gavinané,gavinan-110102,ML-A110102,,ML1101,Nioro,Nioro,,,,3,,15.231,-9.594
ML-A110103,3,Arrondissement,Arrondissement,Gogui,Gogui,gogui-110103,ML-A110103,,ML1101,Nioro,Nioro,,,,1,,15.231,-9.594
ML-A110104,3,Arrondissement,Arrondissement,Simbi,Simbi,simbi-110104,ML-A110104,,ML1101,Nioro,Nioro,,,,1,,15.231,-9.594
ML-A110201,3,Arrondissement,Arrondissement,Diéma,Diéma,dima-110201,ML-A110201,,,,,,,,3,,14.54,-9.192
ML-A110202,3,Arrondissement,Arrondissement,Dioumara,Dioumara,dioumara-110202,ML-A110202,,,,,,,,2,,14.538,-8.566
ML-A110301,3,Arrondissement,Arrondissement,Diangounté Camara,Diangounté Camara,diangount-camara-110301,ML-A110301,,,,,,,,3,,14.545,-9.514
ML-A110302,3,Arrondissement,Arrondissement,Diéoura,Diéoura,dioura-110302,ML-A110302,,,,,,,,1,,14.3,-9.851
ML-A110401,3,Arrondissement,Arrondissement,Sandaré,Sandaré,sandar-110401,ML-A110401,,,,,,,,1,,14.704,-10.306
ML-A110402,3,Arrondissement,Arrondissement,Lakamané,Lakamané,lakaman-110402,ML-A110402,,,,,,,,2,,14.51,-9.91
ML-A110501,3,Arrondissement,Arrondissement,Troungoumbé,Troungoumbé,troungoumb-110501,ML-A110501,,,,,,,,4,,14.763,-9.964
ML-A110502,3,Arrondissement,Arrondissement,Koréra Koré,Koréra Koré,korra-kor-110502,ML-A110502,,,,,,,,1,,15.141,-8.955
ML-A110601,3,Arrondissement,Arrondissement,Béma,Béma,bma-110601,ML-A110601,,,,,,,,3,,15.733,-4.193
ML-A110602,3,Arrondissement,Arrondissement,Grouméra,Grouméra,groumra-110602,ML-A110602,,,,,,,,1,,14.829,-9.14
ML-A120101,3,Arrondissement,Arrondissement,Kita,Kita,kita-120101,ML-A120101,,ML1201,Kita,Kita,,,,7,,13.039,-9.488
ML-A120102,3,Arrondissement,Arrondissement,Djidian,Djidian,djidian-120102,ML-A120102,,ML1201,Kita,Kita,,,,4,,13.039,-9.488
ML-A120201,3,Arrondissement,Arrondissement,Sagabari,Sagabari,sagabari-120201,ML-A120201,,ML1202,Sagabari,Sagabari,,,,1,,12.583,-9.8
ML-A120202,3,Arrondissement,Arrondissement,Kokofata,Kokofata,kokofata-120202,ML-A120202,,ML1202,Sagabari,Sagabari,,,,3,,12.583,-9.8
ML-A120203,3,Arrondissement,Arrondissement,Balia,Balia,balia-120203,ML-A120203,,ML1202,Sagabari,Sagabari,,,,1,,12.583,-9.8
ML-A120204,3,Arrondissement,Arrondissement,Gallé,Gallé,gall-120204,ML-A120204,,ML1202,Sagabari,Sagabari,,,,1,,12.583,-9.8
ML-A120301,3,Arrondissement,Arrondissement,Sébékoro,Sébékoro,sbkoro-120301,ML-A120301,,ML1203,Sébékoro,Sebekoro,,,,3,,14.461,-9.131
ML-A120302,3,Arrondissement,Arrondissement,Madina,Madina,madina-120302,ML-A120302,,ML1203,Sébékoro,Sebekoro,,,,1,,14.461,-9.131
ML-A120401,3,Arrondissement,Arrondissement,Toukoto,Toukoto,toukoto-120401,ML-A120401,,ML1204,Toukoto,Toukoto,,,,1,,15.065,-9.981
ML-A120402,3,Arrondissement,Arrondissement,Kobri,Kobri,kobri-120402,ML-A120402,,ML1204,Toukoto,Toukoto,,,,2,,15.065,-9.981
ML-A120501,3,Arrondissement,Arrondissement,Séféto,Séféto,sfto-120501,ML-A120501,,ML1205,Séféto,Sefeto,,,,3,,14.14,-9.827
ML-A120502,3,Arrondissement,Arrondissement,Kourouninkoto,Kourouninkoto,kourouninkoto-120502,ML-A120502,,ML1205,Séféto,Sefeto,,,,3,,14.14,-9.827
ML-A120601,3,Arrondissement,Arrondissement,Sirakoro,Sirakoro,sirakoro-120601,ML-A120601,,ML1206,Sirakoro,Sirakoro,,,,2,,12.765,-8.017
ML-A120602,3,Arrondissement,Arrondissement,Makono,Makono,makono-120602,ML-A120602,,ML1206,Sirakoro,Sirakoro,,,,1,,12.765,-8.017
ML-A130101,3,Arrondissement,Arrondissement,Dioïla,Dioïla,diola-130101,ML-A130101,,ML1301,Dioïla,Dioila,,,,5,,12.487,-6.803
ML-A130102,3,Arrondissement,Arrondissement,Sénou,Sénou,snou-130102,ML-A130102,,ML1301,Dioïla,Dioila,,,,1,,12.487,-6.803
ML-A130201,3,Arrondissement,Arrondissement,Banco,Banco,banco-130201,ML-A130201,,ML1302,Banco,Banco,,,,1,,12.099,-6.524
ML-A130202,3,Arrondissement,Arrondissement,N'Golobougou,N'Golobougou,ngolobougou-130202,ML-A130202,,ML1302,Banco,Banco,,,,1,,12.099,-6.524
ML-A130301,3,Arrondissement,Arrondissement,Béléko,Béléko,blko-130301,ML-A130301,,ML1303,Béléko,Beleko,,,,3,,14.586,-7.631
ML-A130302,3,Arrondissement,Arrondissement,Dandougou,Dandougou,dandougou-130302,ML-A130302,,ML1303,Béléko,Beleko,,,,1,,14.586,-7.631
ML-A130401,3,Arrondissement,Arrondissement,Fana,Fana,fana-130401,ML-A130401,,ML1304,Fana,Fana,,,,3,,12.779,-6.956
ML-A130402,3,Arrondissement,Arrondissement,Marka-Coungo,Marka-Coungo,marka-coungo-130402,ML-A130402,,ML1304,Fana,Fana,,,,3,,12.779,-6.956
ML-A130403,3,Arrondissement,Arrondissement,Nangola,Nangola,nangola-130403,ML-A130403,,ML1304,Fana,Fana,,,,1,,12.779,-6.956
ML-A130501,3,Arrondissement,Arrondissement,Massigui,Massigui,massigui-130501,ML-A130501,,ML1305,Massigui,Massigui,,,,1,,11.859,-6.771
ML-A130502,3,Arrondissement,Arrondissement,Niantjila,Niantjila,niantjila-130502,ML-A130502,,ML1305,Massigui,Massigui,,,,1,,11.859,-6.771
ML-A130601,3,Arrondissement,Arrondissement,Ména,Ména,mna-130601,ML-A130601,,ML1306,Ména,Mena,,,,1,,12.217,-6.204
ML-A130602,3,Arrondissement,Arrondissement,Diébé,Diébé,dib-130602,ML-A130602,,ML1306,Ména,Mena,,,,1,,12.217,-6.204
ML-A140101,3,Arrondissement,Arrondissement,Nara,Nara,nara-140101,ML-A140101,,ML1401,Nara,Nara,,,,2,,15.169,-7.29
ML-A140102,3,Arrondissement,Arrondissement,Goumbou,Goumbou,goumbou-140102,ML-A140102,,ML1401,Nara,Nara,,,,1,,15.169,-7.29
ML-A140201,3,Arrondissement,Arrondissement,Ballé,Ballé,ball-140201,ML-A140201,,ML1402,Ballé,Balle,,,,2,,15.34,-8.587
ML-A140202,3,Arrondissement,Arrondissement,Boulal,Boulal,boulal-140202,ML-A140202,,ML1402,Ballé,Balle,,,,1,,15.34,-8.587
ML-A140301,3,Arrondissement,Arrondissement,Dilly,Dilly,dilly-140301,ML-A140301,,ML1403,Dilly,Dilly,,,,1,,14.999,-7.669
ML-A140302,3,Arrondissement,Arrondissement,Koronga,Koronga,koronga-140302,ML-A140302,,ML1403,Dilly,Dilly,,,,1,,14.999,-7.669
ML-A140401,3,Arrondissement,Arrondissement,Mourdiah,Mourdiah,mourdiah-140401,ML-A140401,,ML1404,Mourdiah,Mourdiah,,,,1,,14.473,-7.467
ML-A140402,3,Arrondissement,Arrondissement,Madina Kagoro,Madina Kagoro,madina-kagoro-140402,ML-A140402,,ML1404,Mourdiah,Mourdiah,,,,1,,14.473,-7.467
ML-A140501,3,Arrondissement,Arrondissement,Guiré,Guiré,guir-140501,ML-A140501,,ML1405,Guiré,Guire,,,,1,,14.643,-6.691
ML-A140502,3,Arrondissement,Arrondissement,Boudjiguiré,Boudjiguiré,boudjiguir-140502,ML-A140502,,ML1405,Guiré,Guire,,,,1,,14.643,-6.691
ML-A140601,3,Arrondissement,Arrondissement,Fallou,Fallou,fallou-140601,ML-A140601,,ML1406,Fallou,Fallou,,,,1,,15.521,-4.362
ML-A140602,3,Arrondissement,Arrondissement,Digan,Digan,digan-140602,ML-A140602,,ML1406,Fallou,Fallou,,,,1,,15.521,-4.362
ML-A150101,3,Arrondissement,Arrondissement,Bougouni,Bougouni,bougouni-150101,ML-A150101,,ML1501,Bougouni,Bougouni,,,,6,,16.741,-2.507
ML-A150102,3,Arrondissement,Arrondissement,Kéléya,Kéléya,klya-150102,ML-A150102,,ML1501,Bougouni,Bougouni,,,,3,,16.741,-2.507
ML-A150103,3,Arrondissement,Arrondissement,Zantiébougou,Zantiébougou,zantibougou-150103,ML-A150103,,ML1501,Bougouni,Bougouni,,,,1,,16.741,-2.507
ML-A150104,3,Arrondissement,Arrondissement,Faragouaran,Faragouaran,faragouaran-150104,ML-A150104,,ML1501,Bougouni,Bougouni,,,,3,,16.741,-2.507
ML-A150201,3,Arrondissement,Arrondissement,Yanfolila,Yanfolila,yanfolila-150201,ML-A150201,,ML1502,Yanfolila,Yanfolila,,,,1,,11.183,-8.15
ML-A150202,3,Arrondissement,Arrondissement,Kalana,Kalana,kalana-150202,ML-A150202,,ML1502,Yanfolila,Yanfolila,,,,1,,11.183,-8.15
ML-A150203,3,Arrondissement,Arrondissement,Doussoudiana,Doussoudiana,doussoudiana-150203,ML-A150203,,ML1502,Yanfolila,Yanfolila,,,,2,,11.183,-8.15
ML-A150204,3,Arrondissement,Arrondissement,Filamana,Filamana,filamana-150204,ML-A150204,,ML1502,Yanfolila,Yanfolila,,,,1,,11.183,-8.15
ML-A150205,3,Arrondissement,Arrondissement,Yorobougoula,Yorobougoula,yorobougoula-150205,ML-A150205,,ML1502,Yanfolila,Yanfolila,,,,1,,11.183,-8.15
ML-A150206,3,Arrondissement,Arrondissement,Guéléninkoro,Guéléninkoro,gulninkoro-150206,ML-A150206,,ML1502,Yanfolila,Yanfolila,,,,2,,11.183,-8.15
ML-A150207,3,Arrondissement,Arrondissement,Siékorolé,Siékorolé,sikorol-150207,ML-A150207,,ML1502,Yanfolila,Yanfolila,,,,1,,11.183,-8.15
ML-A150301,3,Arrondissement,Arrondissement,Kolondiéba,Kolondiéba,kolondiba-150301,ML-A150301,,,,,,,,3,,11.089,-6.893
ML-A150302,3,Arrondissement,Arrondissement,Kébila,Kébila,kbila-150302,ML-A150302,,,,,,,,1,,11.276,-7.043
ML-A150303,3,Arrondissement,Arrondissement,Tousséguéla,Tousséguéla,toussgula-150303,ML-A150303,,,,,,,,2,,11.065,-6.629
ML-A150401,3,Arrondissement,Arrondissement,Garalo,Garalo,garalo-150401,ML-A150401,,ML1504,Garalo,Garalo,,,,4,,11,-7.433
ML-A150402,3,Arrondissement,Arrondissement,Manankoro,Manankoro,manankoro-150402,ML-A150402,,ML1504,Garalo,Garalo,,,,2,,11,-7.433
ML-A150501,3,Arrondissement,Arrondissement,Koumantou,Koumantou,koumantou-150501,ML-A150501,,ML1505,Koumantou,Koumantou,,,,1,,11.406,-6.85
ML-A150502,3,Arrondissement,Arrondissement,Sanso,Sanso,sanso-150502,ML-A150502,,ML1505,Koumantou,Koumantou,,,,4,,11.406,-6.85
ML-A150601,3,Arrondissement,Arrondissement,Kangaré,Kangaré,kangar-150601,ML-A150601,,,,,,,,4,,11.583,-8.167
ML-A150602,3,Arrondissement,Arrondissement,Kourouba,Kourouba,kourouba-150602,ML-A150602,,,,,,,,3,,15.844,-4.238
ML-A150701,3,Arrondissement,Arrondissement,Ouélessébougou,Ouélessébougou,oulessbougou-150701,ML-A150701,,,,,,,,1,,11.992,-7.909
ML-A150702,3,Arrondissement,Arrondissement,Faraba,Faraba,faraba-150702,ML-A150702,,,,,,,,1,,12.435,-8.202
ML-A150703,3,Arrondissement,Arrondissement,Sanankoro-Djitoumou,Sanankoro-Djitoumou,sanankoro-djitoumou-150703,ML-A150703,,,,,,,,1,,12.055,-7.709
ML-A150801,3,Arrondissement,Arrondissement,Kadiana,Kadiana,kadiana-150801,ML-A150801,,ML1508,Kadiana,Kadiana,,,,1,,10.75,-6.5
ML-A150802,3,Arrondissement,Arrondissement,Nangalasso,Nangalasso,nangalasso-150802,ML-A150802,,ML1508,Kadiana,Kadiana,,,,1,,10.75,-6.5
ML-A150803,3,Arrondissement,Arrondissement,Tiongui,Tiongui,tiongui-150803,ML-A150803,,ML1508,Kadiana,Kadiana,,,,1,,10.75,-6.5
ML-A150901,3,Arrondissement,Arrondissement,Fakola,Fakola,fakola-150901,ML-A150901,,ML1509,Fakola,Fakola,,,,2,,10.533,-6.917
ML-A150902,3,Arrondissement,Arrondissement,Farako,Farako,farako-150902,ML-A150902,,ML1509,Fakola,Fakola,,,,1,,10.533,-6.917
ML-A151001,3,Arrondissement,Arrondissement,Dogo,Dogo,dogo-151001,ML-A151001,,ML1510,Dogo,Dogo,,,,1,,15.169,-4.431
ML-A151002,3,Arrondissement,Arrondissement,Meridiéla,Meridiéla,meridila-151002,ML-A151002,,ML1510,Dogo,Dogo,,,,1,,15.169,-4.431
ML-A160101,3,Arrondissement,Arrondissement,Koutiala,Koutiala,koutiala-160101,ML-A160101,,ML1601,Koutiala,Koutiala,,,,10,,13.026,-5.523
ML-A160102,3,Arrondissement,Arrondissement,Zébala,Zébala,zbala-160102,ML-A160102,,ML1601,Koutiala,Koutiala,,,,1,,13.026,-5.523
ML-A160103,3,Arrondissement,Arrondissement,Diaramana,Diaramana,diaramana-160103,ML-A160103,,ML1601,Koutiala,Koutiala,,,,1,,13.026,-5.523
ML-A160201,3,Arrondissement,Arrondissement,Yorosso,Yorosso,yorosso-160201,ML-A160201,,ML1602,Yorosso,Yorosso,,,,3,,12.358,-4.777
ML-A160202,3,Arrondissement,Arrondissement,Mahou,Mahou,mahou-160202,ML-A160202,,ML1602,Yorosso,Yorosso,,,,1,,12.358,-4.777
ML-A160203,3,Arrondissement,Arrondissement,Boura,Boura,boura-160203,ML-A160203,,ML1602,Yorosso,Yorosso,,,,3,,12.358,-4.777
ML-A160301,3,Arrondissement,Arrondissement,M'Péssoba,M'Péssoba,mpssoba-160301,ML-A160301,,ML1603,M’Péssoba,M’Pessoba,,,,6,,12.665,-5.721
ML-A160302,3,Arrondissement,Arrondissement,Mièna,Mièna,mina-160302,ML-A160302,,ML1603,M’Péssoba,M’Pessoba,,,,1,,12.665,-5.721
ML-A160303,3,Arrondissement,Arrondissement,Zanzoni,Zanzoni,zanzoni-160303,ML-A160303,,ML1603,M’Péssoba,M’Pessoba,,,,1,,12.665,-5.721
ML-A160401,3,Arrondissement,Arrondissement,Molobala,Molobala,molobala-160401,ML-A160401,,ML1604,Molobala,Molobala,,,,3,,12.177,-5.333
ML-A160402,3,Arrondissement,Arrondissement,Tièrè,Tièrè,tir-160402,ML-A160402,,ML1604,Molobala,Molobala,,,,1,,12.177,-5.333
ML-A160403,3,Arrondissement,Arrondissement,Sanguéla,Sanguéla,sangula-160403,ML-A160403,,ML1604,Molobala,Molobala,,,,1,,12.177,-5.333
ML-A160501,3,Arrondissement,Arrondissement,Koury,Koury,koury-160501,ML-A160501,,ML1605,Koury,Koury,,,,1,,12.181,-4.802
ML-A160502,3,Arrondissement,Arrondissement,Ourikéla,Ourikéla,ourikla-160502,ML-A160502,,ML1605,Koury,Koury,,,,1,,12.181,-4.802
ML-A160601,3,Arrondissement,Arrondissement,Konséguéla,Konséguéla,konsgula-160601,ML-A160601,,ML1606,Konséguéla,Konseguel a,,,,1,,12.409,-5.877
ML-A160602,3,Arrondissement,Arrondissement,Kouwo,Kouwo,kouwo-160602,ML-A160602,,ML1606,Konséguéla,Konseguel a,,,,1,,12.409,-5.877
ML-A160603,3,Arrondissement,Arrondissement,Konina,Konina,konina-160603,ML-A160603,,ML1606,Konséguéla,Konseguel a,,,,1,,12.409,-5.877
ML-A160701,3,Arrondissement,Arrondissement,Kouniana,Kouniana,kouniana-160701,ML-A160701,,ML1607,Kouniana,Kouniana,,,,4,,12.568,-5.126
ML-A160702,3,Arrondissement,Arrondissement,Sorobasso,Sorobasso,sorobasso-160702,ML-A160702,,ML1607,Kouniana,Kouniana,,,,1,,12.568,-5.126
ML-A160703,3,Arrondissement,Arrondissement,Bongosso,Bongosso,bongosso-160703,ML-A160703,,ML1607,Kouniana,Kouniana,,,,1,,12.568,-5.126
ML-A160801,3,Arrondissement,Arrondissement,Zangasso,Zangasso,zangasso-160801,ML-A160801,,ML1608,Zangasso,Zangasso,,,,2,,11.58,-6.027
ML-A160802,3,Arrondissement,Arrondissement,Ziéna,Ziéna,zina-160802,ML-A160802,,ML1608,Zangasso,Zangasso,,,,1,,11.58,-6.027
ML-A170101,3,Arrondissement,Arrondissement,San,San,san-170101,ML-A170101,,ML1701,San,San,,,,6,,13.297,-4.896
ML-A170102,3,Arrondissement,Arrondissement,Tènè,Tènè,tn-170102,ML-A170102,,ML1701,San,San,,,,3,,13.297,-4.896
ML-A170201,3,Arrondissement,Arrondissement,Tominian,Tominian,tominian-170201,ML-A170201,,ML1702,Tominian,Tominian,,,,2,,13.287,-4.593
ML-A170202,3,Arrondissement,Arrondissement,Bénéna,Bénéna,bnna-170202,ML-A170202,,ML1702,Tominian,Tominian,,,,1,,13.287,-4.593
ML-A170203,3,Arrondissement,Arrondissement,Koula,Koula,koula-170203,ML-A170203,,ML1702,Tominian,Tominian,,,,2,,13.287,-4.593
ML-A170301,3,Arrondissement,Arrondissement,Kimparana,Kimparana,kimparana-170301,ML-A170301,,ML1703,Kimparana,Kimparana,,,,5,,12.835,-4.924
ML-A170302,3,Arrondissement,Arrondissement,Kassorola,Kassorola,kassorola-170302,ML-A170302,,ML1703,Kimparana,Kimparana,,,,3,,12.835,-4.924
ML-A170303,3,Arrondissement,Arrondissement,Sourountouna,Sourountouna,sourountouna-170303,ML-A170303,,ML1703,Kimparana,Kimparana,,,,2,,12.835,-4.924
ML-A170401,3,Arrondissement,Arrondissement,Yangasso,Yangasso,yangasso-170401,ML-A170401,,ML1704,Yangasso,Yangasso,,,,4,,13.073,-5.321
ML-A170402,3,Arrondissement,Arrondissement,Fani,Fani,fani-170402,ML-A170402,,ML1704,Yangasso,Yangasso,,,,1,,13.073,-5.321
ML-A170403,3,Arrondissement,Arrondissement,Diéli,Diéli,dili-170403,ML-A170403,,ML1704,Yangasso,Yangasso,,,,3,,13.073,-5.321
ML-A170501,3,Arrondissement,Arrondissement,Fangasso,Fangasso,fangasso-170501,ML-A170501,,ML1705,Fangasso,Fangasso,,,,2,,13.529,-4.446
ML-A170502,3,Arrondissement,Arrondissement,Timissa,Timissa,timissa-170502,ML-A170502,,ML1705,Fangasso,Fangasso,,,,1,,13.529,-4.446
ML-A170601,3,Arrondissement,Arrondissement,Mandiakuy,Mandiakuy,mandiakuy-170601,ML-A170601,,ML1706,Mandiakuy,Mandiakuy,,,,3,,13.021,-4.463
ML-A170602,3,Arrondissement,Arrondissement,Mafouné,Mafouné,mafoun-170602,ML-A170602,,ML1706,Mandiakuy,Mandiakuy,,,,1,,13.021,-4.463
ML-A170701,3,Arrondissement,Arrondissement,Sy,Sy,sy-170701,ML-A170701,,ML1707,Sy,Sy,,,,2,,13.601,-4.976
ML-A170702,3,Arrondissement,Arrondissement,Siella,Siella,siella-170702,ML-A170702,,ML1707,Sy,Sy,,,,1,,13.601,-4.976
ML-A180101,3,Arrondissement,Arrondissement,Douentza,Douentza,douentza-180101,ML-A180101,,ML1801,Douentza,Douentza,,,,7,,15.006,-2.952
ML-A180102,3,Arrondissement,Arrondissement,Tédié,Tédié,tdi-180102,ML-A180102,,ML1801,Douentza,Douentza,,,,1,,15.006,-2.952
ML-A180103,3,Arrondissement,Arrondissement,Diona,Diona,diona-180103,ML-A180103,,ML1801,Douentza,Douentza,,,,1,,15.006,-2.952
ML-A180104,3,Arrondissement,Arrondissement,Dallah,Dallah,dallah-180104,ML-A180104,,ML1801,Douentza,Douentza,,,,1,,15.006,-2.952
ML-A180201,3,Arrondissement,Arrondissement,Boré,Boré,bor-180201,ML-A180201,,ML1802,Boré,Bore,,,,1,,15.133,-3.483
ML-A180202,3,Arrondissement,Arrondissement,N'Doumpa,N'Doumpa,ndoumpa-180202,ML-A180202,,ML1802,Boré,Bore,,,,1,,15.133,-3.483
ML-A180203,3,Arrondissement,Arrondissement,Doumbara,Doumbara,doumbara-180203,ML-A180203,,ML1802,Boré,Bore,,,,1,,15.133,-3.483
ML-A180301,3,Arrondissement,Arrondissement,Hombori,Hombori,hombori-180301,ML-A180301,,ML1803,Hombori,Hombori,,,,1,,15.279,-1.7
ML-A180302,3,Arrondissement,Arrondissement,Gallou,Gallou,gallou-180302,ML-A180302,,ML1803,Hombori,Hombori,,,,1,,15.279,-1.7
ML-A180401,3,Arrondissement,Arrondissement,N'Gouma,N'Gouma,ngouma-180401,ML-A180401,,,,,,,,1,,15.638,-3.371
ML-A180402,3,Arrondissement,Arrondissement,Kanioumé,Kanioumé,kanioum-180402,ML-A180402,,,,,,,,1,,15.791,-3.153
ML-A180403,3,Arrondissement,Arrondissement,Takouti,Takouti,takouti-180403,ML-A180403,,,,,,,,1,,15.463,-3.496
ML-A180501,3,Arrondissement,Arrondissement,Mondoro,Mondoro,mondoro-180501,ML-A180501,,ML1805,Mondoro,Mondoro,,,,1,,14.676,-1.951
ML-A180502,3,Arrondissement,Arrondissement,Boulkessi,Boulkessi,boulkessi-180502,ML-A180502,,ML1805,Mondoro,Mondoro,,,,1,,14.676,-1.951
ML-A180503,3,Arrondissement,Arrondissement,Niagassadiou,Niagassadiou,niagassadiou-180503,ML-A180503,,ML1805,Mondoro,Mondoro,,,,1,,14.676,-1.951
ML-A180601,3,Arrondissement,Arrondissement,Boni,Boni,boni-180601,ML-A180601,,ML1806,Boni,Boni,,,,1,,15.077,-2.22
ML-A180602,3,Arrondissement,Arrondissement,Nokara,Nokara,nokara-180602,ML-A180602,,ML1806,Boni,Boni,,,,1,,15.077,-2.22
ML-A180603,3,Arrondissement,Arrondissement,Tabi,Tabi,tabi-180603,ML-A180603,,ML1806,Boni,Boni,,,,1,,15.077,-2.22
ML-A190101,3,Arrondissement,Arrondissement,Bandiagara,Bandiagara,bandiagara-190101,ML-A190101,,ML1901,Bandiagara,Bandiagara,,,,4,,14.35,-3.61
ML-A190102,3,Arrondissement,Arrondissement,Ouo,Ouo,ouo-190102,ML-A190102,,ML1901,Bandiagara,Bandiagara,,,,3,,14.35,-3.61
ML-A190103,3,Arrondissement,Arrondissement,Dourou,Dourou,dourou-190103,ML-A190103,,ML1901,Bandiagara,Bandiagara,,,,2,,14.35,-3.61
ML-A190104,3,Arrondissement,Arrondissement,Goundaka,Goundaka,goundaka-190104,ML-A190104,,ML1901,Bandiagara,Bandiagara,,,,1,,14.35,-3.61
ML-A190201,3,Arrondissement,Arrondissement,Koro,Koro,koro-190201,ML-A190201,,ML1902,Koro,Koro,,,,3,,14.627,-7.984
ML-A190202,3,Arrondissement,Arrondissement,Diankabou,Diankabou,diankabou-190202,ML-A190202,,ML1902,Koro,Koro,,,,3,,14.627,-7.984
ML-A190203,3,Arrondissement,Arrondissement,Dinangourou,Dinangourou,dinangourou-190203,ML-A190203,,ML1902,Koro,Koro,,,,1,,14.627,-7.984
ML-A190204,3,Arrondissement,Arrondissement,Dioungani,Dioungani,dioungani-190204,ML-A190204,,ML1902,Koro,Koro,,,,1,,14.627,-7.984
ML-A190205,3,Arrondissement,Arrondissement,Koporokendié Na,Koporokendié Na,koporokendi-na-190205,ML-A190205,,ML1902,Koro,Koro,,,,3,,14.627,-7.984
ML-A190206,3,Arrondissement,Arrondissement,Madougou,Madougou,madougou-190206,ML-A190206,,ML1902,Koro,Koro,,,,2,,14.627,-7.984
ML-A190207,3,Arrondissement,Arrondissement,Toroli,Toroli,toroli-190207,ML-A190207,,ML1902,Koro,Koro,,,,2,,14.627,-7.984
ML-A190208,3,Arrondissement,Arrondissement,Kassa,Kassa,kassa-190208,ML-A190208,,ML1902,Koro,Koro,,,,1,,14.627,-7.984
ML-A190301,3,Arrondissement,Arrondissement,Bankass,Bankass,bankass-190301,ML-A190301,,ML1903,Bankass,Bankass,,,,1,,14.078,-3.516
ML-A190302,3,Arrondissement,Arrondissement,Kani Bonzon,Kani Bonzon,kani-bonzon-190302,ML-A190302,,ML1903,Bankass,Bankass,,,,2,,14.078,-3.516
ML-A190303,3,Arrondissement,Arrondissement,Ségué,Ségué,sgu-190303,ML-A190303,,ML1903,Bankass,Bankass,,,,1,,14.078,-3.516
ML-A190401,3,Arrondissement,Arrondissement,Kendié,Kendié,kendi-190401,ML-A190401,,,,,,,,4,,14.676,-3.51
ML-A190402,3,Arrondissement,Arrondissement,Borko,Borko,borko-190402,ML-A190402,,,,,,,,1,,14.95,-3.354
ML-A190501,3,Arrondissement,Arrondissement,Ningari,Ningari,ningari-190501,ML-A190501,,ML1905,Ningari,Ningari,,,,3,,14.662,-3.274
ML-A190502,3,Arrondissement,Arrondissement,Métoumou,Métoumou,mtoumou-190502,ML-A190502,,ML1905,Ningari,Ningari,,,,1,,14.662,-3.274
ML-A190601,3,Arrondissement,Arrondissement,Diallassagou,Diallassagou,diallassagou-190601,ML-A190601,,ML1906,Diallassagou,Diallassagou,,,,4,,13.738,-3.626
ML-A190602,3,Arrondissement,Arrondissement,Koulogon Habé,Koulogon Habé,koulogon-hab-190602,ML-A190602,,ML1906,Diallassagou,Diallassagou,,,,1,,13.738,-3.626
ML-A190701,3,Arrondissement,Arrondissement,Sangha,Sangha,sangha-190701,ML-A190701,,ML1907,Sangha,Sangha,,,,1,,14.468,-3.306
ML-A190702,3,Arrondissement,Arrondissement,Iréli,Iréli,irli-190702,ML-A190702,,ML1907,Sangha,Sangha,,,,1,,14.468,-3.306
ML-A190801,3,Arrondissement,Arrondissement,Kani,Kani,kani-190801,ML-A190801,,ML1908,Kani,Kani,,,,1,,12.247,-5.175
ML-A190802,3,Arrondissement,Arrondissement,Sal,Sal,sal-190802,ML-A190802,,ML1908,Kani,Kani,,,,1,,12.247,-5.175
ML-A190803,3,Arrondissement,Arrondissement,Ouroli,Ouroli,ouroli-190803,ML-A190803,,ML1908,Kani,Kani,,,,1,,12.247,-5.175
ML-A190804,3,Arrondissement,Arrondissement,Menthely,Menthely,menthely-190804,ML-A190804,,ML1908,Kani,Kani,,,,1,,12.247,-5.175
ML-A190901,3,Arrondissement,Arrondissement,Sokoura,Sokoura,sokoura-190901,ML-A190901,,ML1909,Sokoura,Sokoura,,,,1,,15.704,-4.108
ML-A190902,3,Arrondissement,Arrondissement,Baye,Baye,baye-190902,ML-A190902,,ML1909,Sokoura,Sokoura,,,,1,,15.704,-4.108
ML-A190903,3,Arrondissement,Arrondissement,Ouenkoro,Ouenkoro,ouenkoro-190903,ML-A190903,,ML1909,Sokoura,Sokoura,,,,1,,15.704,-4.108
ML01,1,Région,Region,Kayes,Kayes,kayes-ml01,ML01,,,,,,10,33,65,,14.448,-11.444
ML0101,2,Cercle,Circle,Kayes,Kayes,kayes-ml0101,ML0101,,ML01,Kayes,Kayes,,,4,11,,14.448,-11.444
ML0102,2,Cercle,Circle,Bafoulabé,Bafoulebe,bafoulebe-ml0102,ML0102,,ML01,Kayes,Kayes,,,5,8,,13.808,-10.833
ML0103,2,Cercle,Circle,Yélimané,Yelimane,yelimane-ml0103,ML0103,,ML01,Kayes,Kayes,,,3,11,,15.119,-10.577
ML0104,2,Cercle,Circle,Kéniéba,Kenieba,kenieba-ml0104,ML0104,,ML01,Kayes,Kayes,,,5,11,,12.044,-8.635
ML0105,2,Cercle,Circle,Ambidédi,Ambididi,ambididi-ml0105,ML0105,,ML01,Kayes,Kayes,,,2,6,,14.586,-11.791
ML0106,2,Cercle,Circle,Aourou,Aourou,aourou-ml0106,ML0106,,ML01,Kayes,Kayes,,,3,4,,14.968,-11.587
ML0107,2,Cercle,Circle,Diamou,Diamou,diamou-ml0107,ML0107,,ML01,Kayes,Kayes,,,2,2,,12.079,-7.236
ML0108,2,Cercle,Circle,Oussoubidiagna,Oussoubidiagna,oussoubidiagna-ml0108,ML0108,,ML01,Kayes,Kayes,,,5,5,,14.245,-10.462
ML0109,2,Cercle,Circle,Ségala,Segala,segala-ml0109,ML0109,,ML01,Kayes,Kayes,,,2,5,,12.529,-5.732
ML0110,2,Cercle,Circle,Sadiola,Sadiola,sadiola-ml0110,ML0110,,ML01,Kayes,Kayes,,,2,2,,13.891,-11.706
ML02,1,Région,Region,Koulikoro,Koulikoro,koulikoro-ml02,ML02,,,,,,8,26,58,,12.863,-7.56
ML0201,2,Cercle,Circle,Koulikoro,Koulikoro,koulikoro-ml0201,ML0201,,ML02,Koulikoro,Koulikoro,,,5,7,,12.863,-7.56
ML0202,2,Cercle,Circle,Banamba,Banamba,banamba-ml0202,ML0202,,ML02,Koulikoro,Koulikoro,,,6,9,,13.548,-7.448
ML0203,2,Cercle,Circle,Kangaba,Kangaba,kangaba-ml0203,ML0203,,ML02,Koulikoro,Koulikoro,,,2,8,,11.933,-8.417
ML0204,2,Cercle,Circle,Kati,Kati,kati-ml0204,ML0204,,ML02,Koulikoro,Koulikoro,,,4,17,,16.113,-3.733
ML0205,2,Cercle,Circle,Kolokani,Kolokani,kolokani-ml0205,ML0205,,ML02,Koulikoro,Koulikoro,,,4,10,,13.573,-8.034
ML0206,2,Cercle,Circle,Nyamina,Nyamina,nyamina-ml0206,ML0206,,ML02,Koulikoro,Koulikoro,,,2,2,,13.319,-6.982
ML0207,2,Cercle,Circle,Siby,Siby,siby-ml0207,ML0207,,ML02,Koulikoro,Koulikoro,,,3,5,,12.375,-8.337
ML0208,2,Cercle,Circle,Neguela,Neguela,neguela-ml0208,ML0208,,ML02,Koulikoro,Koulikoro,,,0,0,,12.478,-5.645
ML03,1,Région,Region,Sikasso,Sikasso,sikasso-ml03,ML03,,,,,,8,13,36,,11.318,-5.667
ML0301,2,Cercle,Circle,Sikasso,Sikasso,sikasso-ml0301,ML0301,,ML03,Sikasso,Sikasso,,,2,16,,11.318,-5.667
ML0302,2,Cercle,Circle,Kadiolo,Kadiolo,kadiolo-ml0302,ML0302,,ML03,Sikasso,Sikasso,,,4,6,,10.55,-5.767
ML0303,2,Cercle,Circle,Danderesso,Danderesso,danderesso-ml0303,ML0303,,ML03,Sikasso,Sikasso,,,0,0,,11.486,-5.482
ML0304,2,Cercle,Circle,Kignan,Kignan,kignan-ml0304,ML0304,,ML03,Sikasso,Sikasso,,,3,9,,11.852,-6.014
ML0305,2,Cercle,Circle,Klela,Klela,klela-ml0305,ML0305,,ML03,Sikasso,Sikasso,,,0,0,,12.176,-5.863
ML0306,2,Cercle,Circle,Lobougoula,Lobougoula,lobougoula-ml0306,ML0306,,ML03,Sikasso,Sikasso,,,2,2,,11.044,-5.981
ML0307,2,Cercle,Circle,Loulouni,Loulouni,loulouni-ml0307,ML0307,,ML03,Sikasso,Sikasso,,,2,3,,10.9,-5.6
ML0308,2,Cercle,Circle,Niena,Niena,niena-ml0308,ML0308,,ML03,Sikasso,Sikasso,,,0,0,,13.632,-4.996
ML04,1,Région,Region,Segou,Segou,segou-ml04,ML04,,,,,,11,28,54,,13.44,-6.259
ML0401,2,Cercle,Circle,Segou,Segou,segou-ml0401,ML0401,,ML04,Segou,Segou,,,0,0,,13.44,-6.259
ML0402,2,Cercle,Circle,Bla,Bla,bla-ml0402,ML0402,,ML04,Segou,Segou,,,5,11,,12.95,-5.76
ML0403,2,Cercle,Circle,Baraoueli,Baraoueli,baraoueli-ml0403,ML0403,,ML04,Segou,Segou,,,0,0,,13.039,-6.639
ML0404,2,Cercle,Circle,Niono,Niono,niono-ml0404,ML0404,,ML04,Segou,Segou,,,2,8,,14.251,-5.987
ML0405,2,Cercle,Circle,Macina,Macina,macina-ml0405,ML0405,,ML04,Segou,Segou,,,4,7,,14.308,-11.506
ML0406,2,Cercle,Circle,Dioro,Dioro,dioro-ml0406,ML0406,,ML04,Segou,Segou,,,3,4,,13.689,-5.831
ML0407,2,Cercle,Circle,Farako,Farako,farako-ml0407,ML0407,,ML04,Segou,Segou,,,2,7,,14.943,-6.791
ML0408,2,Cercle,Circle,Nampala,Nampala,nampala-ml0408,ML0408,,ML04,Segou,Segou,,,4,4,,15.281,-5.555
ML0409,2,Cercle,Circle,Sokolo,Sokolo,sokolo-ml0409,ML0409,,ML04,Segou,Segou,,,3,3,,14.733,-6.122
ML0410,2,Cercle,Circle,Markala,Markala,markala-ml0410,ML0410,,ML04,Segou,Segou,,,3,6,,13.816,-5.358
ML0411,2,Cercle,Circle,Sarro,Sarro,sarro-ml0411,ML0411,,ML04,Segou,Segou,,,2,4,,13.721,-5.239
ML05,1,Région,Region,Mopti,Mopti,mopti-ml05,ML05,,,,,,8,34,50,,14.484,-4.183
ML0501,2,Cercle,Circle,Mopti,Mopti,mopti-ml0501,ML0501,,ML05,Mopti,Mopti,,,7,12,,14.484,-4.183
ML0502,2,Cercle,Circle,Djenné,Djenne,djenne-ml0502,ML0502,,ML05,Mopti,Mopti,,,5,11,,13.906,-4.553
ML0503,2,Cercle,Circle,Ténenkou,Tenenkou,tenenkou-ml0503,ML0503,,ML05,Mopti,Mopti,,,4,8,,14.457,-4.917
ML0504,2,Cercle,Circle,Youwarou,Youwarou,youwarou-ml0504,ML0504,,ML05,Mopti,Mopti,,,6,7,,15.368,-4.263
ML0505,2,Cercle,Circle,Konna,Konna,konna-ml0505,ML0505,,ML05,Mopti,Mopti,,,3,3,,14.944,-3.89
ML0506,2,Cercle,Circle,Korientzé,Korientze,korientze-ml0506,ML0506,,ML05,Mopti,Mopti,,,4,4,,15.394,-3.782
ML0507,2,Cercle,Circle,Sofara,Sofara,sofara-ml0507,ML0507,,ML05,Mopti,Mopti,,,2,2,,14.017,-4.233
ML0508,2,Cercle,Circle,Toguéré-Coumbé,Togueré-Coumbé,toguer-coumb-ml0508,ML0508,,ML05,Mopti,Mopti,,,3,3,,14.917,-4.6
ML06,1,Région,Region,Tombouctou,Timbuktu,timbuktu-ml06,ML06,,,,,,13,30,47,,16.773,-3.007
ML0601,2,Cercle,Circle,Tombouctou,Timbuktu,timbuktu-ml0601,ML0601,,ML06,Tombouctou,Timbuktu,,,3,4,,16.773,-3.007
ML0602,2,Cercle,Circle,Goundam,Goundam,goundam-ml0602,ML0602,,ML06,Tombouctou,Timbuktu,,,3,7,,16.415,-3.671
ML0603,2,Cercle,Circle,Diré,Dire,dire-ml0603,ML0603,,ML06,Tombouctou,Timbuktu,,,4,13,,16.257,-3.401
ML0604,2,Cercle,Circle,Soumpi,Soumpi,soumpi-ml0604,ML0604,,ML06,Tombouctou,Timbuktu,,,0,0,,15.844,-4.325
ML0605,2,Cercle,Circle,Rharous,Rharous,rharous-ml0605,ML0605,,ML06,Tombouctou,Timbuktu,,,0,0,,16.883,-1.923
ML0606,2,Cercle,Circle,Bintagoungou,Bintagoungou,bintagoungou-ml0606,ML0606,,ML06,Tombouctou,Timbuktu,,,2,4,,16.735,-3.735
ML0607,2,Cercle,Circle,Saraféré,Sarafere,sarafere-ml0607,ML0607,,ML06,Tombouctou,Timbuktu,,,4,4,,15.824,-3.694
ML0608,2,Cercle,Circle,Bambara-Maoudé,Bambara-Maoude,bambara-maoude-ml0608,ML0608,,ML06,Tombouctou,Timbuktu,,,3,3,,15.851,-2.786
ML0609,2,Cercle,Circle,Léré,Lere,lere-ml0609,ML0609,,ML06,Tombouctou,Timbuktu,,,2,2,,15.712,-4.912
ML0610,2,Cercle,Circle,Gossi,Gossi,gossi-ml0610,ML0610,,ML06,Tombouctou,Timbuktu,,,2,2,,15.82,-1.291
ML0611,2,Cercle,Circle,Tonka,Tonka,tonka-ml0611,ML0611,,ML06,Tombouctou,Timbuktu,,,2,2,,16.129,-3.748
ML0612,2,Cercle,Circle,Ber,Ber,ber-ml0612,ML0612,,ML06,Tombouctou,Timbuktu,,,2,2,,16.835,-2.532
ML0613,2,Cercle,Circle,Gargando,Gargando,gargando-ml0613,ML0613,,ML06,Tombouctou,Timbuktu,,,3,4,,16.463,-4.173
ML07,1,Région,Region,Gao,Gao,gao-ml07,ML07,,,,,,16,37,40,,16.272,-0.045
ML0701,2,Cercle,Circle,Gao,Gao,gao-ml0701,ML0701,,ML07,Gao,Gao,,,2,2,,16.272,-0.045
ML0702,2,Cercle,Circle,Bourem,Bourem,bourem-ml0702,ML0702,,ML07,Gao,Gao,,,2,2,,16.955,-0.349
ML0703,2,Cercle,Circle,Ansongo,Ansongo,ansongo-ml0703,ML0703,,ML07,Gao,Gao,,,2,4,,15.66,0.502
ML0704,2,Cercle,Circle,Almoustrat,Almoustrat,almoustrat-ml0704,ML0704,,ML07,Gao,Gao,,,3,4,,17.358,0.15
ML0705,2,Cercle,Circle,Bamba,Bamba,bamba-ml0705,ML0705,,ML07,Gao,Gao,,,2,2,,17.034,-1.404
ML0706,2,Cercle,Circle,Ouattagouna,Ouattagouna,ouattagouna-ml0706,ML0706,,ML07,Gao,Gao,,,3,3,,15.182,0.722
ML0707,2,Cercle,Circle,Sony Aliber,Sony Aliber,sony-aliber-ml0707,ML0707,,ML07,Gao,Gao,,,0,0,,16.507,-0.074
ML0708,2,Cercle,Circle,Djebock,Djebock,djebock-ml0708,ML0708,,ML07,Gao,Gao,,,3,3,,16.343,0.278
ML0709,2,Cercle,Circle,Talataye,Talataye,talataye-ml0709,ML0709,,ML07,Gao,Gao,,,2,2,,16.531,1.516
ML0710,2,Cercle,Circle,Téssit,Tessit,tessit-ml0710,ML0710,,ML07,Gao,Gao,,,4,4,,15.217,-0.3
ML0711,2,Cercle,Circle,N'tillit,Ntillit,ntillit-ml0711,ML0711,,ML07,Gao,Gao,,,2,2,,16.272,-0.045
ML0712,2,Cercle,Circle,Gabéro,Gabero,gabero-ml0712,ML0712,,ML07,Gao,Gao,,,0,0,,15.895,0.192
ML0713,2,Cercle,Circle,Ersane,Ersane,ersane-ml0713,ML0713,,ML07,Gao,Gao,,,2,2,,16.959,1.808
ML0714,2,Cercle,Circle,Tabankort,Tabankort,tabankort-ml0714,ML0714,,ML07,Gao,Gao,,,4,4,,17.82,0.314
ML0715,2,Cercle,Circle,Tin-Aouker,Tin-Aouker,tin-aouker-ml0715,ML0715,,ML07,Gao,Gao,,,2,2,,13.071,-6.835
ML0716,2,Cercle,Circle,Kassambéré,Kassambere,kassambere-ml0716,ML0716,,ML07,Gao,Gao,,,4,4,,16.272,-0.045
ML08,1,Région,Region,Kidal,Kidal,kidal-ml08,ML08,,,,,,9,29,30,,18.461,1.385
ML0801,2,Cercle,Circle,Kidal,Kidal,kidal-ml0801,ML0801,,ML08,Kidal,Kidal,,,3,3,,18.461,1.385
ML0802,2,Cercle,Circle,AbeÏbara,Abelbara,abelbara-ml0802,ML0802,,ML08,Kidal,Kidal,,,3,3,,19.29,1.83
ML0803,2,Cercle,Circle,Tin-Essako,Tin-Essako,tin-essako-ml0803,ML0803,,ML08,Kidal,Kidal,,,3,4,,18.451,2.49
ML0804,2,Cercle,Circle,Tessalit,Tessalit,tessalit-ml0804,ML0804,,ML08,Kidal,Kidal,,,4,4,,20.271,0.697
ML0805,2,Cercle,Circle,Achibogho,Achibogho,achibogho-ml0805,ML0805,,ML08,Kidal,Kidal,,,3,3,,18.461,1.385
ML0806,2,Cercle,Circle,Anéfif,Anefi,anefi-ml0806,ML0806,,ML08,Kidal,Kidal,,,3,3,,18.007,-0.532
ML0807,2,Cercle,Circle,Timétrine,Timetrine,timetrine-ml0807,ML0807,,ML08,Kidal,Kidal,,,3,3,,19.333,-0.582
ML0808,2,Cercle,Circle,Aguel-Hoc,Aguelhoc,aguelhoc-ml0808,ML0808,,ML08,Kidal,Kidal,,,3,3,,19.454,0.856
ML0809,2,Cercle,Circle,Takalote,Takalote,takalote-ml0809,ML0809,,ML08,Kidal,Kidal,,,4,4,,18.461,1.385
ML09,1,Région,Region,Taoudenni,Taoudenni,taoudenni-ml09,ML09,,,,,,6,30,30,,22.677,-3.979
ML0901,2,Cercle,Circle,Taoudenni,Taoudenni,taoudenni-ml0901,ML0901,,ML09,Taoudenni,Taoudenni,,,4,4,,22.677,-3.979
ML0902,2,Cercle,Circle,Araouane,Araouane,araouane-ml0902,ML0902,,ML09,Taoudenni,Taoudenni,,,5,5,,18.905,-3.526
ML0903,2,Cercle,Circle,Foum-Elba,Foum-Elba,foum-elba-ml0903,ML0903,,ML09,Taoudenni,Taoudenni,,,5,5,,22.677,-3.979
ML0904,2,Cercle,Circle,Boû-Djebeha,Bou-Djebeha,bou-djebeha-ml0904,ML0904,,ML09,Taoudenni,Taoudenni,,,5,5,,22.677,-3.979
ML0905,2,Cercle,Circle,Al-Ourche,Al-Ourche,al-ourche-ml0905,ML0905,,ML09,Taoudenni,Taoudenni,,,6,6,,22.677,-3.979
ML0906,2,Cercle,Circle,Achouratt,Achouratt,achouratt-ml0906,ML0906,,ML09,Taoudenni,Taoudenni,,,5,5,,22.677,-3.979
ML10,1,Région,Region,Ménaka,Ménaka,mnaka-ml10,ML10,,,,,,6,18,27,,15.92,2.396
ML1001,2,Cercle,Circle,Ménaka,Menaka,menaka-ml1001,ML1001,,ML10,Ménaka,Ménaka,,,4,9,,15.92,2.396
ML1002,2,Cercle,Circle,Tidermène,Tidermene,tidermene-ml1002,ML1002,,ML10,Ménaka,Ménaka,,,3,5,,16.592,2.415
ML1003,2,Cercle,Circle,Inékar,Inekar,inekar-ml1003,ML1003,,ML10,Ménaka,Ménaka,,,3,3,,15.959,3.141
ML1004,2,Cercle,Circle,Andéramboukane,Anderamboukane,anderamboukane-ml1004,ML1004,,ML10,Ménaka,Ménaka,,,3,5,,15.422,3.022
ML1005,2,Cercle,Circle,Anouzagrène,Anouzagrene,anouzagrene-ml1005,ML1005,,ML10,Ménaka,Ménaka,,,2,2,,15.537,2.497
ML1006,2,Cercle,Circle,Inlamawane (Fanfi),Inlamawane (Fanfi),inlamawane-fanfi-ml1006,ML1006,,ML10,Ménaka,Ménaka,,,3,3,,15.92,2.396
ML11,1,Région,Region,Nioro,Nioro,nioro-ml11,ML11,,,,,,6,4,10,,15.231,-9.594
ML1101,2,Cercle,Circle,Nioro,Nioro,nioro-ml1101,ML1101,,ML11,Nioro,Nioro,,,4,10,,15.231,-9.594
ML1102,2,Cercle,Circle,Diema,Diema,diema-ml1102,ML1102,,ML11,Nioro,Nioro,,,0,0,,14.54,-9.192
ML1103,2,Cercle,Circle,Diangounte Camara,Diangounte Camara,diangounte-camara-ml1103,ML1103,,ML11,Nioro,Nioro,,,0,0,,14.545,-9.514
ML1104,2,Cercle,Circle,Sandare,Sandare,sandare-ml1104,ML1104,,ML11,Nioro,Nioro,,,0,0,,14.704,-10.306
ML1105,2,Cercle,Circle,Troungoumbe,Troungoumbe,troungoumbe-ml1105,ML1105,,ML11,Nioro,Nioro,,,0,0,,14.763,-9.964
ML1106,2,Cercle,Circle,Bema,Bema,bema-ml1106,ML1106,,ML11,Nioro,Nioro,,,0,0,,15.733,-4.193
ML12,1,Région,Region,Kita,Kita,kita-ml12,ML12,,,,,,6,14,33,,13.039,-9.488
ML1201,2,Cercle,Circle,Kita,Kita,kita-ml1201,ML1201,,ML12,Kita,Kita,,,2,11,,13.039,-9.488
ML1202,2,Cercle,Circle,Sagabari,Sagabari,sagabari-ml1202,ML1202,,ML12,Kita,Kita,,,4,6,,12.583,-9.8
ML1203,2,Cercle,Circle,Sébékoro,Sebekoro,sebekoro-ml1203,ML1203,,ML12,Kita,Kita,,,2,4,,14.461,-9.131
ML1204,2,Cercle,Circle,Toukoto,Toukoto,toukoto-ml1204,ML1204,,ML12,Kita,Kita,,,2,3,,15.065,-9.981
ML1205,2,Cercle,Circle,Séféto,Sefeto,sefeto-ml1205,ML1205,,ML12,Kita,Kita,,,2,6,,14.14,-9.827
ML1206,2,Cercle,Circle,Sirakoro,Sirakoro,sirakoro-ml1206,ML1206,,ML12,Kita,Kita,,,2,3,,12.765,-8.017
ML13,1,Région,Region,Dioïla,Dioïla,diola-ml13,ML13,,,,,,6,13,23,,12.487,-6.803
ML1301,2,Cercle,Circle,Dioïla,Dioila,dioila-ml1301,ML1301,,ML13,Dioïla,Dioïla,,,2,6,,12.487,-6.803
ML1302,2,Cercle,Circle,Banco,Banco,banco-ml1302,ML1302,,ML13,Dioïla,Dioïla,,,2,2,,12.099,-6.524
ML1303,2,Cercle,Circle,Béléko,Beleko,beleko-ml1303,ML1303,,ML13,Dioïla,Dioïla,,,2,4,,14.586,-7.631
ML1304,2,Cercle,Circle,Fana,Fana,fana-ml1304,ML1304,,ML13,Dioïla,Dioïla,,,3,7,,12.779,-6.956
ML1305,2,Cercle,Circle,Massigui,Massigui,massigui-ml1305,ML1305,,ML13,Dioïla,Dioïla,,,2,2,,11.859,-6.771
ML1306,2,Cercle,Circle,Ména,Mena,mena-ml1306,ML1306,,ML13,Dioïla,Dioïla,,,2,2,,12.217,-6.204
ML14,1,Région,Region,Nara,Nara,nara-ml14,ML14,,,,,,6,12,14,,15.169,-7.29
ML1401,2,Cercle,Circle,Nara,Nara,nara-ml1401,ML1401,,ML14,Nara,Nara,,,2,3,,15.169,-7.29
ML1402,2,Cercle,Circle,Ballé,Balle,balle-ml1402,ML1402,,ML14,Nara,Nara,,,2,3,,15.34,-8.587
ML1403,2,Cercle,Circle,Dilly,Dilly,dilly-ml1403,ML1403,,ML14,Nara,Nara,,,2,2,,14.999,-7.669
ML1404,2,Cercle,Circle,Mourdiah,Mourdiah,mourdiah-ml1404,ML1404,,ML14,Nara,Nara,,,2,2,,14.473,-7.467
ML1405,2,Cercle,Circle,Guiré,Guire,guire-ml1405,ML1405,,ML14,Nara,Nara,,,2,2,,14.643,-6.691
ML1406,2,Cercle,Circle,Fallou,Fallou,fallou-ml1406,ML1406,,ML14,Nara,Nara,,,2,2,,15.521,-4.362
ML15,1,Région,Region,Bougouni,Bougouni,bougouni-ml15,ML15,,,,,,10,22,41,,16.741,-2.507
ML1501,2,Cercle,Circle,Bougouni,Bougouni,bougouni-ml1501,ML1501,,ML15,Bougouni,Bougouni,,,4,13,,16.741,-2.507
ML1502,2,Cercle,Circle,Yanfolila,Yanfolila,yanfolila-ml1502,ML1502,,ML15,Bougouni,Bougouni,,,7,9,,11.183,-8.15
ML1503,2,Cercle,Circle,Kolondièba,Kolondieba,kolondieba-ml1503,ML1503,,ML15,Bougouni,Bougouni,,,0,0,,11.089,-6.893
ML1504,2,Cercle,Circle,Garalo,Garalo,garalo-ml1504,ML1504,,ML15,Bougouni,Bougouni,,,2,6,,11,-7.433
ML1505,2,Cercle,Circle,Koumantou,Koumantou,koumantou-ml1505,ML1505,,ML15,Bougouni,Bougouni,,,2,5,,11.406,-6.85
ML1506,2,Cercle,Circle,Sélingué,Selingue,selingue-ml1506,ML1506,,ML15,Bougouni,Bougouni,,,0,0,,11.617,-8.233
ML1507,2,Cercle,Circle,Ouelessebougou,Ouelessebougou,ouelessebougou-ml1507,ML1507,,ML15,Bougouni,Bougouni,,,0,0,,11.992,-7.909
ML1508,2,Cercle,Circle,Kadiana,Kadiana,kadiana-ml1508,ML1508,,ML15,Bougouni,Bougouni,,,3,3,,10.75,-6.5
ML1509,2,Cercle,Circle,Fakola,Fakola,fakola-ml1509,ML1509,,ML15,Bougouni,Bougouni,,,2,3,,10.533,-6.917
ML1510,2,Cercle,Circle,Dogo,Dogo,dogo-ml1510,ML1510,,ML15,Bougouni,Bougouni,,,2,2,,15.169,-4.431
ML16,1,Région,Region,Koutiala,Koutiala,koutiala-ml16,ML16,,,,,,8,22,46,,13.026,-5.523
ML1601,2,Cercle,Circle,Koutiala,Koutiala,koutiala-ml1601,ML1601,,ML16,Koutiala,Koutiala,,,3,12,,13.026,-5.523
ML1602,2,Cercle,Circle,Yorosso,Yorosso,yorosso-ml1602,ML1602,,ML16,Koutiala,Koutiala,,,3,7,,12.358,-4.777
ML1603,2,Cercle,Circle,M’Péssoba,M’Pessoba,mpessoba-ml1603,ML1603,,ML16,Koutiala,Koutiala,,,3,8,,12.665,-5.721
ML1604,2,Cercle,Circle,Molobala,Molobala,molobala-ml1604,ML1604,,ML16,Koutiala,Koutiala,,,3,5,,12.177,-5.333
ML1605,2,Cercle,Circle,Koury,Koury,koury-ml1605,ML1605,,ML16,Koutiala,Koutiala,,,2,2,,12.181,-4.802
ML1606,2,Cercle,Circle,Konséguéla,Konseguel a,konseguel-a-ml1606,ML1606,,ML16,Koutiala,Koutiala,,,3,3,,12.409,-5.877
ML1607,2,Cercle,Circle,Kouniana,Kouniana,kouniana-ml1607,ML1607,,ML16,Koutiala,Koutiala,,,3,6,,12.568,-5.126
ML1608,2,Cercle,Circle,Zangasso,Zangasso,zangasso-ml1608,ML1608,,ML16,Koutiala,Koutiala,,,2,3,,11.58,-6.027
ML17,1,Région,Region,San,San,san-ml17,ML17,,,,,,7,17,42,,13.297,-4.896
ML1701,2,Cercle,Circle,San,San,san-ml1701,ML1701,,ML17,San,San,,,2,9,,13.297,-4.896
ML1702,2,Cercle,Circle,Tominian,Tominian,tominian-ml1702,ML1702,,ML17,San,San,,,3,5,,13.287,-4.593
ML1703,2,Cercle,Circle,Kimparana,Kimparana,kimparana-ml1703,ML1703,,ML17,San,San,,,3,10,,12.835,-4.924
ML1704,2,Cercle,Circle,Yangasso,Yangasso,yangasso-ml1704,ML1704,,ML17,San,San,,,3,8,,13.073,-5.321
ML1705,2,Cercle,Circle,Fangasso,Fangasso,fangasso-ml1705,ML1705,,ML17,San,San,,,2,3,,13.529,-4.446
ML1706,2,Cercle,Circle,Mandiakuy,Mandiakuy,mandiakuy-ml1706,ML1706,,ML17,San,San,,,2,4,,13.021,-4.463
ML1707,2,Cercle,Circle,Sy,Sy,sy-ml1707,ML1707,,ML17,San,San,,,2,3,,13.601,-4.976
ML18,1,Région,Region,Douentza,Douentza,douentza-ml18,ML18,,,,,,6,15,21,,15.006,-2.952
ML1801,2,Cercle,Circle,Douentza,Douentza,douentza-ml1801,ML1801,,ML18,Douentza,Douentza,,,4,10,,15.006,-2.952
ML1802,2,Cercle,Circle,Boré,Bore,bore-ml1802,ML1802,,ML18,Douentza,Douentza,,,3,3,,15.133,-3.483
ML1803,2,Cercle,Circle,Hombori,Hombori,hombori-ml1803,ML1803,,ML18,Douentza,Douentza,,,2,2,,15.279,-1.7
ML1804,2,Cercle,Circle,Ngouna,Ngouna,ngouna-ml1804,ML1804,,ML18,Douentza,Douentza,,,0,0,,13.633,-7.367
ML1805,2,Cercle,Circle,Mondoro,Mondoro,mondoro-ml1805,ML1805,,ML18,Douentza,Douentza,,,3,3,,14.676,-1.951
ML1806,2,Cercle,Circle,Boni,Boni,boni-ml1806,ML1806,,ML18,Douentza,Douentza,,,3,3,,15.077,-2.22
ML19,1,Région,Region,Bandiagara,Bandiagara,bandiagara-ml19,ML19,,,,,,9,28,48,,14.35,-3.61
ML1901,2,Cercle,Circle,Bandiagara,Bandiagara,bandiagara-ml1901,ML1901,,ML19,Bandiagara,Bandiagara,,,4,10,,14.35,-3.61
ML1902,2,Cercle,Circle,Koro,Koro,koro-ml1902,ML1902,,ML19,Bandiagara,Bandiagara,,,8,16,,14.627,-7.984
ML1903,2,Cercle,Circle,Bankass,Bankass,bankass-ml1903,ML1903,,ML19,Bandiagara,Bandiagara,,,3,4,,14.078,-3.516
ML1904,2,Cercle,Circle,Kendie,Kendie,kendie-ml1904,ML1904,,ML19,Bandiagara,Bandiagara,,,0,0,,14.676,-3.51
ML1905,2,Cercle,Circle,Ningari,Ningari,ningari-ml1905,ML1905,,ML19,Bandiagara,Bandiagara,,,2,4,,14.662,-3.274
ML1906,2,Cercle,Circle,Diallassagou,Diallassagou,diallassagou-ml1906,ML1906,,ML19,Bandiagara,Bandiagara,,,2,5,,13.738,-3.626
ML1907,2,Cercle,Circle,Sangha,Sangha,sangha-ml1907,ML1907,,ML19,Bandiagara,Bandiagara,,,2,2,,14.468,-3.306
ML1908,2,Cercle,Circle,Kani,Kani,kani-ml1908,ML1908,,ML19,Bandiagara,Bandiagara,,,4,4,,12.247,-5.175
ML1909,2,Cercle,Circle,Sokoura,Sokoura,sokoura-ml1909,ML1909,,ML19,Bandiagara,Bandiagara,,,3,3,,15.704,-4.108
ML20,1,Région,Region,Bamako,Bamako,bamako-ml20,ML20,,,,,,1,0,0,,14.583,-4.417
ML2001,2,Cercle,Circle,Bamako,Bamako,bamako-ml2001,ML2001,,ML20,Bamako,Bamako,,,0,0,,14.583,-4.417
